"Stkcd","Trddt","Opnprc","Hiprc","Loprc","Clsprc","Dnshrtrd","Dnvaltrd"
"600340","2019-12-02","27.930","28.200","27.850","27.910","9395496","262888297.000"
"600340","2019-12-03","27.740","28.060","27.630","27.760","7095063","197228947.000"
"600340","2019-12-04","27.690","27.750","26.940","27.060","13197223","358869261.000"
"600340","2019-12-05","27.220","27.220","26.460","26.660","22132519","590813872.000"
"600340","2019-12-06","26.740","26.870","26.520","26.870","9399169","250960360.000"
"600340","2019-12-09","26.870","27.530","26.820","27.480","12444671","339441485.000"
"600340","2019-12-10","27.510","27.510","27.080","27.150","8321251","226175622.000"
"600340","2019-12-11","27.390","27.640","27.110","27.430","10011268","274175668.000"
"600340","2019-12-12","27.420","27.460","27.050","27.160","8679017","236056773.000"
"600340","2019-12-13","27.400","27.540","27.160","27.500","16665312","455453342.000"
"600340","2019-12-16","27.420","27.690","27.130","27.640","16614378","454044926.000"
"600340","2019-12-17","27.530","28.350","27.500","28.130","20866963","583148070.000"
"600340","2019-12-18","28.000","28.260","27.860","27.930","11375631","319062216.000"
"600340","2019-12-19","27.900","28.210","27.850","27.990","8573297","240239636.000"
"600340","2019-12-20","28.050","28.800","28.010","28.300","16064931","456544904.000"
"600340","2019-12-23","28.400","28.400","27.600","27.610","9884717","277000183.000"
"600340","2019-12-24","27.610","27.760","27.420","27.600","6134602","169381565.000"
"600340","2019-12-25","27.580","27.750","27.440","27.540","6212691","171263606.000"
"600340","2019-12-26","27.750","28.350","27.750","28.050","13085803","367457407.000"
"600340","2019-12-27","28.080","28.280","27.970","28.030","9373203","263342314.000"
"600340","2019-12-30","28.140","28.490","27.910","28.440","12622737","356482560.000"
"600340","2019-12-31","28.490","28.870","28.350","28.700","13489702","385953135.000"
"600340","2020-01-02","29.080","29.450","28.800","28.800","20918618","609003217.000"
"600340","2020-01-03","28.890","29.050","28.420","28.580","11879976","339506573.000"
"600340","2020-01-06","28.270","28.380","27.960","27.990","19495087","548243618.000"
"600340","2020-01-07","27.950","28.250","27.950","28.160","9829182","276258012.000"
"600340","2020-01-08","28.060","28.060","27.510","27.610","15295509","424391187.000"
"600340","2020-01-09","27.890","27.970","27.700","27.850","11591842","322441558.000"
"600340","2020-01-10","27.900","27.960","27.450","27.630","15044824","415347728.000"
"600340","2020-01-13","27.620","27.770","27.350","27.760","14161080","389993454.000"
"600340","2020-01-14","27.860","28.120","27.750","27.780","13823412","385588943.000"
"600340","2020-01-15","27.800","27.860","27.430","27.500","9458122","260693342.000"
"600340","2020-01-16","27.530","27.580","27.270","27.300","8942934","244845973.000"
"600340","2020-01-17","27.340","27.500","27.190","27.440","7834674","214489794.000"
"600340","2020-01-20","27.480","27.510","27.080","27.270","10824426","294743808.000"
"600340","2020-01-21","27.250","27.250","26.910","26.980","9649819","260751748.000"
"600340","2020-01-22","27.010","27.280","26.840","27.270","9015727","244488118.000"
"600340","2020-01-23","27.090","27.100","26.280","26.400","13924814","371158046.000"
"600340","2020-02-03","23.760","23.940","23.760","23.760","16456903","391088796.000"
"600340","2020-02-04","23.000","23.880","22.880","23.240","26951516","627173589.000"
"600340","2020-02-05","23.280","23.750","23.010","23.510","15681587","368569192.000"
"600340","2020-02-06","23.580","23.650","23.170","23.560","15753324","368588849.000"
"600340","2020-02-07","23.450","23.600","23.210","23.580","11097101","259150270.000"
"600340","2020-02-10","23.460","24.100","23.310","23.880","15017057","357151165.000"
"600340","2020-02-11","23.890","24.630","23.810","24.450","17569553","427570767.000"
"600340","2020-02-12","24.500","24.500","24.200","24.470","8313193","202508811.000"
"600340","2020-02-13","24.390","25.150","24.390","24.700","13327731","332108902.000"
"600340","2020-02-14","24.950","25.180","24.810","24.980","11727371","292789392.000"
"600340","2020-02-17","24.830","25.100","24.830","25.060","16523479","412893639.000"
"600340","2020-02-18","25.100","25.110","24.520","24.690","12598621","311950647.000"
"600340","2020-02-19","24.610","25.080","24.610","24.750","11462051","284848818.000"
"600340","2020-02-20","24.720","24.910","24.560","24.890","12928235","319810523.000"
"600340","2020-02-21","24.980","24.980","24.690","24.780","12506997","310111982.000"
"600340","2020-02-24","24.650","24.650","24.020","24.300","15496173","376167236.000"
"600340","2020-02-25","24.000","24.380","23.740","24.060","14346642","345228842.000"
"600340","2020-02-26","23.810","24.950","23.720","24.680","22741775","560309090.000"
"600340","2020-02-27","24.680","24.840","24.210","24.210","12639778","308551573.000"
"600340","2020-02-28","23.890","24.390","23.380","23.590","18010243","428231374.000"
"600340","2020-03-02","23.610","24.480","23.610","24.310","16738672","405984972.000"
"600340","2020-03-03","24.570","24.700","24.120","24.270","14626210","355065842.000"
"600340","2020-03-04","24.260","26.080","24.160","25.970","39336870","992528849.000"
"600340","2020-03-05","26.000","26.700","25.510","26.180","32291025","845798150.000"
"600340","2020-03-06","25.910","25.910","25.340","25.450","14003802","357617480.000"
"600340","2020-03-09","25.060","25.060","24.300","24.420","16181494","398397207.000"
"600340","2020-03-10","24.100","24.880","24.050","24.720","13529361","331700224.000"
"600340","2020-03-11","24.720","25.050","24.570","24.740","12960200","321563611.000"
"600340","2020-03-12","24.650","24.650","23.850","23.950","14003195","337913566.000"
"600340","2020-03-13","22.880","23.750","22.180","23.450","18069657","415077301.000"
"600340","2020-03-16","23.560","23.640","22.510","22.580","12255105","283006908.000"
"600340","2020-03-17","22.420","23.150","22.080","22.400","10678885","240543448.000"
"600340","2020-03-18","22.420","22.720","21.920","21.920","11038453","246222514.000"
"600340","2020-03-19","21.980","22.000","20.640","21.230","17961450","380904702.000"
"600340","2020-03-20","21.280","21.750","21.090","21.580","12620492","270758760.000"
"600340","2020-03-23","20.880","21.100","20.180","20.200","16341826","335652962.000"
"600340","2020-03-24","20.500","20.690","20.140","20.530","13605500","277857441.000"
"600340","2020-03-25","21.100","21.750","20.780","21.620","20170324","428269807.000"
"600340","2020-03-26","21.440","21.670","21.200","21.400","8617740","184596020.000"
"600340","2020-03-27","21.690","22.080","21.490","21.780","13338395","290961211.000"
"600340","2020-03-30","21.420","21.590","21.100","21.190","10537466","225179030.000"
"600340","2020-03-31","21.470","21.550","20.860","20.890","8488675","179388162.000"
"600340","2020-04-01","20.930","21.450","20.930","21.150","10580905","224794091.000"
"600340","2020-04-02","21.030","21.340","20.950","21.340","7051574","148920844.000"
"600340","2020-04-03","21.240","21.530","21.130","21.350","8952149","191357470.000"
"600340","2020-04-07","21.660","21.820","21.520","21.630","8135833","176040752.000"
"600340","2020-04-08","21.550","21.620","21.310","21.590","6947889","149270128.000"
"600340","2020-04-09","21.880","21.890","21.520","21.580","6622404","143332076.000"
"600340","2020-04-10","21.660","21.800","21.290","21.370","9501917","204979643.000"
"600340","2020-04-13","21.230","21.250","20.700","20.840","10269416","214876652.000"
"600340","2020-04-14","20.960","21.450","20.900","21.430","10657054","226456234.000"
"600340","2020-04-15","21.480","21.600","21.220","21.220","8387159","179575958.000"
"600340","2020-04-16","21.220","21.370","21.120","21.170","5521076","117055458.000"
"600340","2020-04-17","21.350","21.600","21.220","21.400","9046929","193512844.000"
"600340","2020-04-20","21.450","21.520","21.020","21.330","7744083","164665115.000"
"600340","2020-04-21","21.310","21.400","20.960","21.090","6548071","138219014.000"
"600340","2020-04-22","20.960","21.320","20.850","21.300","6351332","134038340.000"
"600340","2020-04-23","21.400","21.460","21.200","21.340","5908956","125934624.000"
"600340","2020-04-24","21.300","21.380","20.830","20.890","8040124","168707133.000"
"600340","2020-04-27","21.800","22.860","21.730","22.720","30274843","678446772.000"
"600340","2020-04-28","22.800","23.230","22.440","22.780","24263779","554199258.000"
"600340","2020-04-29","22.740","23.820","22.620","23.570","18259478","425831888.000"
"600340","2020-04-30","23.750","24.170","23.510","23.940","15918195","379925482.000"
"600340","2020-05-06","23.950","23.950","23.500","23.610","15971470","377596431.000"
"600340","2020-05-07","23.690","23.690","23.110","23.200","13190147","306996751.000"
"600340","2020-05-08","23.400","23.530","23.200","23.500","12205102","285149510.000"
"600340","2020-05-11","23.510","23.660","23.200","23.310","9333660","218363462.000"
"600340","2020-05-12","23.250","23.330","22.910","23.040","11761862","271449861.000"
"600340","2020-05-13","23.060","23.100","22.780","22.960","8549507","195810095.000"
"600340","2020-05-14","22.890","22.890","22.490","22.500","10193069","230317389.000"
"600340","2020-05-15","22.550","23.080","22.550","22.930","10911688","250080819.000"
"600340","2020-05-18","23.000","23.270","22.720","22.750","11727827","269304027.000"
"600340","2020-05-19","22.990","23.060","22.690","22.790","10303484","234701772.000"
"600340","2020-05-20","22.810","22.810","22.360","22.380","9424860","211925056.000"
"600340","2020-05-21","22.450","22.530","22.020","22.120","10487506","232675236.000"
"600340","2020-05-22","22.150","22.210","21.520","21.670","9321454","203059988.000"
"600340","2020-05-25","21.770","22.090","21.580","21.850","9058371","197455328.000"
"600340","2020-05-26","21.930","22.010","21.740","22.010","9181987","200673784.000"
"600340","2020-05-27","21.960","22.090","21.830","21.930","7157479","157168065.000"
"600340","2020-05-28","22.010","22.620","21.880","21.980","16099775","357194693.000"
"600340","2020-05-29","22.000","22.000","21.640","21.660","11804881","256842528.000"
"600340","2020-06-01","21.730","22.290","21.710","22.260","13904829","307149589.000"
"600340","2020-06-02","22.280","22.860","22.210","22.760","16486989","372397573.000"
"600340","2020-06-03","22.790","23.090","22.470","22.500","14515546","330275846.000"
"600340","2020-06-04","22.540","22.670","22.300","22.620","10348070","232844631.000"
"600340","2020-06-05","22.580","22.640","22.270","22.360","8974274","200648977.000"
"600340","2020-06-08","22.440","22.850","22.400","22.730","12620019","285871826.000"
"600340","2020-06-09","22.840","22.840","22.520","22.550","9828796","222182802.000"
"600340","2020-06-10","22.560","22.560","22.110","22.220","12384979","275591535.000"
"600340","2020-06-11","22.220","22.310","21.800","21.940","15777571","347883541.000"
"600340","2020-06-12","21.550","22.030","21.540","22.030","17485350","380255569.000"
"600340","2020-06-15","21.810","21.950","21.620","21.630","13518372","293908857.000"
"600340","2020-06-16","21.780","22.020","21.670","22.020","11933231","260708437.000"
"600340","2020-06-17","22.100","22.100","21.760","21.840","8767030","191710457.000"
"600340","2020-06-18","21.860","22.480","21.830","22.270","15036792","334947522.000"
"600340","2020-06-19","22.350","22.880","22.260","22.830","24537427","555267494.000"
"600340","2020-06-22","22.800","23.070","22.620","22.900","15911288","364065466.000"
"600340","2020-06-23","22.870","22.900","22.500","22.610","12114601","274031012.000"
"600340","2020-06-24","22.800","23.430","22.600","22.950","18496359","425485662.000"
"600340","2020-06-29","22.900","22.900","22.230","22.350","15157476","339486225.000"
"600340","2020-06-30","22.390","22.940","22.380","22.860","13150740","298406413.000"
"600340","2020-07-01","22.900","24.110","22.810","23.780","30449478","717053101.000"
"600340","2020-07-02","23.880","24.920","23.800","24.750","41810542","1019562076.000"
"600340","2020-07-03","24.890","25.250","24.300","24.770","29697409","734431185.000"
"600340","2020-07-06","25.870","27.250","25.590","27.240","49105944","1300831908.000"
"600340","2020-07-07","27.660","28.580","27.150","27.290","39509802","1090978042.000"
"600340","2020-07-08","27.500","27.620","26.820","27.460","31522946","858982350.000"
"600340","2020-07-09","27.460","28.230","27.200","28.050","41265348","1138580733.000"
"600340","2020-07-10","20.500","20.930","20.120","20.240","32885665","671352193.000"
"600340","2020-07-13","19.980","20.010","19.000","19.820","53297049","1043590435.000"
"600340","2020-07-14","19.600","19.850","18.990","19.180","44039339","851674595.000"
"600340","2020-07-15","19.180","19.480","18.800","18.850","31625497","603123725.000"
"600340","2020-07-16","18.990","19.150","17.830","17.900","39559431","731402396.000"
"600340","2020-07-17","18.000","18.210","17.720","18.110","24770326","446743379.000"
"600340","2020-07-20","18.340","18.960","18.300","18.890","26015797","486226609.000"
"600340","2020-07-21","18.890","19.040","18.630","18.740","17682057","331404788.000"
"600340","2020-07-22","18.690","18.910","18.540","18.650","16878789","315834721.000"
"600340","2020-07-23","18.560","18.560","17.920","18.270","24797915","451290092.000"
"600340","2020-07-24","18.200","18.510","17.710","17.840","23153300","417993386.000"
"600340","2020-07-27","17.830","17.980","17.380","17.440","16531023","289628754.000"
"600340","2020-07-28","17.610","17.650","17.170","17.340","20608956","357618644.000"
"600340","2020-07-29","17.320","17.540","17.110","17.540","20196554","351246708.000"
"600340","2020-07-30","17.550","17.670","17.300","17.330","15764030","274799748.000"
"600340","2020-07-31","17.350","17.570","17.150","17.350","16439965","285425346.000"
"600340","2020-08-03","17.400","17.810","17.390","17.800","25977198","456256216.000"
"600340","2020-08-04","17.850","18.060","17.530","17.960","26769170","476572871.000"
"600340","2020-08-05","17.900","17.900","17.510","17.670","17262447","304260016.000"
"600340","2020-08-06","17.610","17.790","17.400","17.580","13323566","233795440.000"
"600340","2020-08-07","17.560","17.560","17.180","17.330","13008439","225648126.000"
"600340","2020-08-10","17.320","17.750","17.260","17.650","20370654","358395637.000"
"600340","2020-08-11","17.640","17.840","17.460","17.500","17431854","308530449.000"
"600340","2020-08-12","17.550","17.670","17.210","17.440","15336754","266884703.000"
"600340","2020-08-13","17.480","17.590","17.260","17.320","15352513","266886676.000"
"600340","2020-08-14","17.310","17.630","17.160","17.600","15783904","275607154.000"
"600340","2020-08-17","17.700","18.180","17.620","18.050","28176271","506347568.000"
"600340","2020-08-18","18.110","18.200","17.810","17.950","17994447","322718956.000"
"600340","2020-08-19","17.930","18.250","17.910","18.010","18968839","342263017.000"
"600340","2020-08-20","17.980","18.000","17.700","17.760","11837455","210793084.000"
"600340","2020-08-21","17.820","17.890","17.650","17.820","10589931","187896381.000"
"600340","2020-08-24","17.820","17.950","17.610","17.620","15348269","272335147.000"
"600340","2020-08-25","17.660","17.780","17.310","17.420","15331057","268349545.000"
"600340","2020-08-26","17.440","17.470","17.100","17.160","16591647","286039572.000"
"600340","2020-08-27","17.170","17.230","16.580","16.670","26011915","436205074.000"
"600340","2020-08-28","16.670","17.080","16.610","17.080","17733446","299406547.000"
"600340","2020-08-31","16.880","17.070","16.800","16.800","24184942","409881692.000"
"600340","2020-09-01","16.760","16.800","16.620","16.740","16516154","275459868.000"
"600340","2020-09-02","16.800","16.820","16.560","16.660","15890576","264716144.000"
"600340","2020-09-03","16.700","16.760","16.580","16.600","12400404","206542577.000"
"600340","2020-09-04","16.500","16.510","16.290","16.400","14186534","232320741.000"
"600340","2020-09-07","16.350","16.620","16.220","16.270","19149694","313760859.000"
"600340","2020-09-08","16.260","16.420","16.150","16.310","14277522","232258455.000"
"600340","2020-09-09","16.160","16.290","16.010","16.080","13623916","219612392.000"
"600340","2020-09-10","16.180","16.410","15.960","16.010","17335430","280420571.000"
"600340","2020-09-11","15.990","15.990","15.730","15.900","11267898","178737226.000"
"600340","2020-09-14","15.910","15.980","15.780","15.840","9363137","148460698.000"
"600340","2020-09-15","15.890","16.240","15.790","16.160","14896894","239997251.000"
"600340","2020-09-16","16.160","16.370","15.980","16.240","13529196","219277450.000"
"600340","2020-09-17","16.250","16.250","15.990","16.050","10713688","172283509.000"
"600340","2020-09-18","16.110","16.420","16.070","16.420","18207339","297179567.000"
"600340","2020-09-21","16.420","16.460","16.230","16.270","11069574","180460568.000"
"600340","2020-09-22","16.150","16.280","15.910","15.960","14204609","228784974.000"
"600340","2020-09-23","16.020","16.100","15.920","16.000","8055465","128989183.000"
"600340","2020-09-24","15.950","16.010","15.760","15.800","9917911","157121872.000"
"600340","2020-09-25","15.790","15.850","15.430","15.530","13496676","210396438.000"
"600340","2020-09-28","15.530","15.670","15.360","15.410","9197282","142393380.000"
"600340","2020-09-29","15.440","15.540","15.290","15.310","10090933","155290231.000"
"600340","2020-09-30","15.320","15.380","14.960","15.170","14340327","216940360.000"
"600340","2020-10-09","15.300","15.410","15.160","15.320","14432803","220489086.000"
"600340","2020-10-12","15.370","15.650","15.320","15.570","17545442","272001461.000"
"600340","2020-10-13","15.560","15.560","15.370","15.440","11356878","175028388.000"
"600340","2020-10-14","15.430","15.430","15.090","15.110","16005233","242852017.000"
"600340","2020-10-15","15.110","15.150","15.010","15.040","11270403","169850670.000"
"600340","2020-10-16","15.010","15.140","14.960","15.010","14433169","216669960.000"
"600340","2020-10-19","15.030","15.330","14.980","15.020","18299261","276733658.000"
"600340","2020-10-20","14.980","15.010","14.820","14.890","14565649","216436787.000"
"600340","2020-10-21","14.900","14.930","14.720","14.820","12128292","179231603.000"
"600340","2020-10-22","14.800","14.830","14.710","14.820","9437281","139511652.000"
"600340","2020-10-23","14.850","15.120","14.840","14.980","16021378","240524069.000"
"600340","2020-10-26","14.960","14.970","14.660","14.740","11864583","175413379.000"
"600340","2020-10-27","14.670","14.670","14.360","14.390","16112116","232914678.000"
"600340","2020-10-28","14.390","14.520","14.350","14.500","8665218","125109000.000"
"600340","2020-10-29","14.370","14.530","14.330","14.470","8539835","123247423.000"
"600340","2020-10-30","14.360","14.570","14.070","14.070","16173022","231578370.000"
"600340","2020-11-02","14.000","14.050","13.380","13.430","27288122","370452368.000"
"600340","2020-11-03","13.450","13.740","13.330","13.720","17339722","234980766.000"
"600340","2020-11-04","13.760","14.040","13.630","13.910","16189050","224167742.000"
"600340","2020-11-05","14.000","14.090","13.910","14.040","12803060","179288577.000"
"600340","2020-11-06","14.050","14.260","14.010","14.080","11954961","168517262.000"
"600340","2020-11-09","14.120","14.270","14.120","14.210","12973477","184390292.000"
"600340","2020-11-10","14.220","14.350","14.030","14.080","12430150","176505124.000"
"600340","2020-11-11","14.030","14.230","13.890","14.060","12791068","179963307.000"
"600340","2020-11-12","14.060","14.100","13.840","13.970","9510690","132654654.000"
"600340","2020-11-13","13.850","13.950","13.700","13.770","9171164","126323779.000"
"600340","2020-11-16","13.850","14.070","13.750","14.010","8364722","116636883.000"
"600340","2020-11-17","14.010","14.720","13.950","14.590","31844647","459717668.000"
"600340","2020-11-18","14.590","14.830","14.350","14.720","25723344","376111624.000"
"600340","2020-11-19","14.700","14.790","14.470","14.540","15949433","232552271.000"
"600340","2020-11-20","14.500","14.540","14.250","14.400","11618421","166926385.000"
"600340","2020-11-23","14.370","14.580","14.260","14.510","13057236","188443425.000"
"600340","2020-11-24","14.550","14.550","14.350","14.380","8288338","119614364.000"
"600340","2020-11-25","14.470","14.570","14.300","14.300","11003962","158896301.000"
"600340","2020-11-26","14.300","14.380","14.110","14.250","7622117","108348890.000"
"600340","2020-11-27","14.290","14.640","14.180","14.570","12897355","186859708.000"
"600340","2020-11-30","14.680","15.070","14.680","14.850","27074000","403820351.000"
"600340","2020-12-01","14.700","14.850","14.570","14.850","15343034","225779225.000"
"600340","2020-12-02","14.850","15.100","14.760","14.950","17969912","269463081.000"
"600340","2020-12-03","15.010","15.040","14.730","14.800","12661459","187653467.000"
"600340","2020-12-04","14.800","14.830","14.570","14.640","9464901","138564088.000"
"600340","2020-12-07","14.660","14.690","14.420","14.490","10378649","150360617.000"
"600340","2020-12-08","14.450","14.600","14.450","14.530","7180360","104314622.000"
"600340","2020-12-09","14.550","14.690","14.030","14.070","13534326","193794311.000"
"600340","2020-12-10","14.080","14.270","13.980","14.070","8840276","124451630.000"
"600340","2020-12-11","14.080","14.150","13.760","13.850","11754594","163127299.000"
"600340","2020-12-14","13.930","14.080","13.860","13.940","9153593","127618411.000"
"600340","2020-12-15","14.000","14.000","13.760","13.780","8768584","121027204.000"
"600340","2020-12-16","13.820","13.840","13.530","13.580","10548078","143890109.000"
"600340","2020-12-17","13.590","13.810","13.570","13.810","9376718","128535552.000"
"600340","2020-12-18","13.810","13.940","13.740","13.740","7774116","107380919.000"
"600340","2020-12-21","13.660","13.710","13.430","13.610","11409497","155038042.000"
"600340","2020-12-22","13.550","13.620","13.350","13.390","12459612","167636019.000"
"600340","2020-12-23","13.390","13.470","13.320","13.380","7730724","103342591.000"
"600340","2020-12-24","13.370","13.390","12.990","13.010","15539155","203418118.000"
"600340","2020-12-25","13.010","13.040","12.630","12.800","13044725","167077425.000"
"600340","2020-12-28","12.690","12.780","12.500","12.530","13550621","170901725.000"
"600340","2020-12-29","12.520","12.830","12.420","12.690","10652392","135028303.000"
"600340","2020-12-30","12.600","12.840","12.560","12.800","11062750","140940281.000"
"600340","2020-12-31","12.860","13.040","12.760","12.930","8633406","111559330.000"
"600340","2021-01-04","12.700","12.850","12.550","12.670","17627538","222923397.000"
"600340","2021-01-05","12.550","12.590","12.100","12.310","33636428","411723656.000"
"600340","2021-01-06","12.210","12.380","12.150","12.180","18964337","231493653.000"
"600340","2021-01-07","12.250","12.340","11.880","11.960","23799514","287949383.000"
"600340","2021-01-08","11.660","12.180","11.150","12.150","36122115","422599992.000"
"600340","2021-01-11","12.000","12.320","11.450","11.490","31637027","374600683.000"
"600340","2021-01-12","11.280","11.440","11.030","11.120","37424987","418384961.000"
"600340","2021-01-13","11.030","11.440","11.000","11.180","25630948","286494980.000"
"600340","2021-01-14","11.190","12.160","11.170","11.730","38293908","448409381.000"
"600340","2021-01-15","11.680","12.050","11.560","11.790","27473711","323071593.000"
"600340","2021-01-18","11.570","11.660","11.200","11.360","40855202","465390019.000"
"600340","2021-01-19","11.340","12.000","11.050","11.810","49490947","573911172.000"
"600340","2021-01-20","11.690","11.690","11.200","11.290","46552955","526948163.000"
"600340","2021-01-21","11.250","11.550","11.130","11.360","36174254","408329616.000"
"600340","2021-01-22","11.250","11.250","11.030","11.030","28535929","316913747.000"
"600340","2021-01-25","10.800","10.800","10.110","10.190","62597253","646027292.000"
"600340","2021-01-26","10.100","10.320","10.040","10.050","28604943","290937324.000"
"600340","2021-01-27","10.060","10.110","9.660","9.680","50287910","495078920.000"
"600340","2021-01-28","9.540","9.860","9.250","9.450","47563122","452488796.000"
"600340","2021-02-19","8.510","8.510","8.510","8.510","12840100","109269251.000"
"600340","2021-02-22","7.660","7.660","7.660","7.660","15281800","117058588.000"
"600340","2021-02-23","6.890","7.650","6.890","7.460","235553720","1685569405.000"
"600340","2021-02-24","7.030","7.260","6.930","7.080","179916964","1273674500.000"
"600340","2021-02-25","7.100","7.790","7.070","7.790","108645978","811254938.000"
"600340","2021-02-26","8.070","8.570","7.840","8.480","241715384","1999201456.000"
"600340","2021-03-01","7.910","8.170","7.630","8.050","167895073","1327979120.000"
"600340","2021-03-02","7.950","8.160","7.700","7.720","113104073","893005021.000"
"600340","2021-03-03","7.550","7.740","7.350","7.700","88570908","668579379.000"
"600340","2021-03-04","7.630","7.840","7.580","7.640","75144766","579436490.000"
"600340","2021-03-05","7.430","7.830","7.400","7.760","98091355","743393374.000"
"600340","2021-03-08","7.710","8.540","7.620","7.990","174430597","1400081961.000"
"600340","2021-03-09","7.830","7.860","7.290","7.500","126852377","965428815.000"
"600340","2021-03-10","7.310","7.570","7.060","7.140","111155592","808860149.000"
"600340","2021-03-11","7.150","7.350","7.050","7.260","97774669","701743686.000"
"600340","2021-03-12","7.200","7.210","7.010","7.020","109051271","773356274.000"
"600340","2021-03-15","7.000","7.130","6.810","6.860","105031768","728499307.000"
"600340","2021-03-16","6.860","6.970","6.740","6.940","92216853","633153047.000"
"600340","2021-03-17","6.920","7.380","6.880","7.160","159722385","1140795603.000"
"600340","2021-03-18","7.050","7.110","6.930","6.930","107422627","752011803.000"
"600340","2021-03-19","6.930","7.030","6.820","6.910","87401244","603251016.000"
"600340","2021-03-22","6.910","6.950","6.820","6.900","76174077","524446880.000"
"600340","2021-03-23","6.880","6.890","6.670","6.690","97448326","659580572.000"
"600340","2021-03-24","6.500","6.510","6.080","6.090","156600323","979786267.000"
"600340","2021-03-25","6.050","6.130","5.960","6.020","85094147","515223940.000"
"600340","2021-03-26","6.010","6.340","5.980","6.280","115378269","714701304.000"
"600340","2021-03-29","6.200","6.290","6.130","6.180","59797972","371068056.000"
"600340","2021-03-30","6.170","6.250","6.120","6.150","47025434","289944971.000"
"600340","2021-03-31","6.060","6.360","6.040","6.280","81889495","512358348.000"
"600340","2021-04-01","6.240","6.300","6.160","6.220","52691134","328303733.000"
"600340","2021-04-02","6.200","6.300","6.170","6.240","42133171","262822257.000"
"600340","2021-04-06","6.260","6.350","6.200","6.270","44869613","281600875.000"
"600340","2021-04-07","6.230","6.900","6.220","6.900","180700403","1214042009.000"
"600340","2021-04-08","7.060","7.280","6.760","6.780","216123350","1517380667.000"
"600340","2021-04-09","6.810","6.990","6.700","6.760","106792304","729720466.000"
"600340","2021-04-12","6.680","6.820","6.460","6.720","107527749","712795967.000"
"600340","2021-04-13","6.700","6.710","6.470","6.520","67704761","444621117.000"
"600340","2021-04-14","6.490","6.580","6.430","6.480","52732407","342513346.000"
"600340","2021-04-15","6.440","6.500","6.330","6.410","54905358","351561709.000"
"600340","2021-04-16","6.400","6.680","6.370","6.620","78942558","518878067.000"
"600340","2021-04-19","6.540","6.660","6.510","6.590","62118163","408639540.000"
"600340","2021-04-20","6.580","6.710","6.470","6.480","61774838","406310994.000"
"600340","2021-04-21","6.440","6.440","6.310","6.370","45368083","289052049.000"
"600340","2021-04-22","6.330","6.980","6.330","6.660","120493545","805552412.000"
"600340","2021-04-23","6.630","6.630","6.370","6.380","75004337","484226977.000"
"600340","2021-04-26","6.370","6.460","6.320","6.340","41896786","266798846.000"
"600340","2021-04-27","6.330","6.340","6.100","6.140","53729557","331694528.000"
"600340","2021-04-28","6.140","6.320","6.120","6.200","38523523","239465139.000"
"600340","2021-04-29","6.170","6.270","6.150","6.190","34254406","212832791.000"
"600340","2021-04-30","5.720","5.850","5.570","5.570","123868914","698600429.000"
"600340","2021-05-06","5.370","5.470","5.330","5.410","65093719","351910945.000"
"600340","2021-05-07","5.390","5.460","5.270","5.290","58585857","313135354.000"
"600340","2021-05-10","5.270","5.300","5.130","5.190","55099364","286735198.000"
"600340","2021-05-11","5.170","5.350","5.170","5.320","53514617","281975904.000"
"600340","2021-05-12","5.290","5.360","5.220","5.340","38985584","206154196.000"
"600340","2021-05-13","5.270","5.360","5.240","5.240","41407458","219409890.000"
"600340","2021-05-14","5.260","5.320","5.230","5.270","42279260","222571158.000"
"600340","2021-05-17","5.220","5.250","5.030","5.150","55485849","285046359.000"
"600340","2021-05-18","5.150","5.290","5.130","5.270","42942491","224364535.000"
"600340","2021-05-19","5.250","5.280","5.160","5.160","33345977","173333351.000"
"600340","2021-05-20","5.130","5.140","5.050","5.070","37522743","190737692.000"
"600340","2021-05-21","5.050","5.210","5.040","5.130","39141911","201511971.000"
"600340","2021-05-24","5.100","5.180","5.040","5.060","42278353","215032617.000"
"600340","2021-05-25","5.060","5.080","4.860","4.940","78200008","385005136.000"
"600340","2021-05-26","4.910","5.420","4.910","5.150","108951627","565580516.000"
"600340","2021-05-27","5.110","5.670","5.090","5.670","168662728","931019366.000"
"600340","2021-05-28","5.800","5.820","5.460","5.470","151653378","841314549.000"
"600340","2021-05-31","5.450","5.610","5.370","5.430","73782301","401580949.000"
"600340","2021-06-01","5.380","5.590","5.350","5.380","86574072","470635789.000"
"600340","2021-06-02","5.360","5.740","5.330","5.580","119294992","660549965.000"
"600340","2021-06-03","5.570","5.730","5.420","5.430","85931952","476652968.000"
"600340","2021-06-04","5.390","5.480","5.320","5.370","61034747","328043916.000"
"600340","2021-06-07","5.330","5.350","5.210","5.240","55221543","290829304.000"
"600340","2021-06-08","5.240","5.370","5.200","5.230","43604240","229343319.000"
"600340","2021-06-09","5.220","5.300","5.190","5.240","40088242","210247524.000"
"600340","2021-06-10","5.220","5.250","5.130","5.130","52857986","273549768.000"
"600340","2021-06-11","5.140","5.220","5.110","5.120","37921145","195537917.000"
"600340","2021-06-15","5.120","5.130","4.900","4.930","57745484","287238553.000"
"600340","2021-06-16","4.930","5.120","4.930","5.040","48760639","245867918.000"
"600340","2021-06-17","5.040","5.540","4.950","5.240","81367549","426135892.000"
"600340","2021-06-18","5.210","5.210","5.000","5.070","66239624","337415202.000"
"600340","2021-06-21","5.040","5.290","5.030","5.270","72694219","377439939.000"
"600340","2021-06-22","5.280","5.430","5.200","5.220","61822623","326669787.000"
"600340","2021-06-23","5.180","5.350","5.140","5.210","51311274","268292382.000"
"600340","2021-06-24","5.200","5.270","5.150","5.180","36290420","189039819.000"
"600340","2021-06-25","5.180","5.320","5.140","5.280","50555674","264266261.000"
"600340","2021-06-28","5.290","5.340","5.230","5.260","33105890","174566816.000"
"600340","2021-06-29","5.260","5.480","5.200","5.330","62452412","333552804.000"
"600340","2021-06-30","5.290","5.360","5.220","5.240","42444426","223587485.000"
"600340","2021-07-01","5.220","5.340","5.190","5.210","41168116","216225710.000"
"600340","2021-07-02","5.180","5.200","5.050","5.060","42490835","216907678.000"
"600340","2021-07-05","5.070","5.190","4.990","5.120","36697908","185880401.000"
"600340","2021-07-06","5.100","5.440","5.090","5.360","93256111","494581849.000"
"600340","2021-07-07","5.300","5.440","5.280","5.400","63575633","340686657.000"
"600340","2021-07-08","5.390","5.850","5.370","5.740","146113705","829386401.000"
"600340","2021-07-09","5.650","6.000","5.610","5.680","119249147","690093556.000"
"600340","2021-07-12","5.770","5.780","5.450","5.460","89853387","500836705.000"
"600340","2021-07-13","5.500","5.570","5.380","5.460","53732117","294659749.000"
"600340","2021-07-14","5.450","5.460","5.260","5.270","59377150","315944468.000"
"600340","2021-07-15","5.250","5.270","5.150","5.210","43300184","224803672.000"
"600340","2021-07-16","5.210","5.280","5.150","5.180","35949442","187309070.000"
"600340","2021-07-19","5.160","5.230","5.070","5.180","38806843","199454830.000"
"600340","2021-07-20","5.020","5.110","5.010","5.080","40755367","206434107.000"
"600340","2021-07-21","5.080","5.130","5.030","5.040","31776268","160922319.000"
"600340","2021-07-22","5.050","5.110","5.020","5.030","31887735","161244474.000"
"600340","2021-07-23","5.040","5.060","4.930","4.940","44204924","220331784.000"
"600340","2021-07-26","4.940","4.940","4.610","4.660","59047902","279847317.000"
"600340","2021-07-27","4.670","4.710","4.410","4.420","55369941","251691352.000"
"600340","2021-07-28","4.400","4.430","4.230","4.250","45118219","193490018.000"
"600340","2021-07-29","4.290","4.330","4.250","4.280","28593435","122545624.000"
"600340","2021-07-30","4.280","4.330","4.190","4.330","33877399","144798910.000"
"600340","2021-08-02","4.220","4.330","4.130","4.290","42933021","182510657.000"
"600340","2021-08-03","4.270","4.360","4.250","4.260","31474092","135189037.000"
"600340","2021-08-04","4.250","4.280","4.180","4.190","31004665","130894674.000"
"600340","2021-08-05","4.190","4.380","4.180","4.210","49363950","211188220.000"
"600340","2021-08-06","4.190","4.200","4.100","4.140","34752708","143624790.000"
"600340","2021-08-09","4.130","4.290","4.110","4.220","42137216","178059841.000"
"600340","2021-08-10","4.220","4.330","4.190","4.310","36551817","156045219.000"
"600340","2021-08-11","4.330","4.490","4.330","4.350","56373251","248010366.000"
"600340","2021-08-12","4.320","4.350","4.270","4.300","36198598","155720617.000"
"600340","2021-08-13","4.310","4.330","4.250","4.260","23683294","101433657.000"
"600340","2021-08-16","4.230","4.340","4.200","4.270","31774244","136157244.000"
"600340","2021-08-17","4.260","4.380","4.210","4.230","43124130","185337659.000"
"600340","2021-08-18","4.230","4.270","4.150","4.270","34597920","145660795.000"
"600340","2021-08-19","4.240","4.260","4.150","4.160","35995075","150716127.000"
"600340","2021-08-20","4.150","4.170","4.030","4.080","38266523","156359736.000"
"600340","2021-08-23","4.050","4.100","3.930","3.960","70315038","281432833.000"
"600340","2021-08-24","3.950","3.970","3.820","3.850","62821478","243351850.000"
"600340","2021-08-25","3.850","3.890","3.800","3.850","35815802","137929130.000"
"600340","2021-08-26","3.830","3.880","3.790","3.790","38117548","145799540.000"
"600340","2021-08-27","3.700","4.050","3.640","4.010","107532449","412651322.000"
"600340","2021-08-30","3.920","3.930","3.780","3.780","60202277","230569699.000"
"600340","2021-08-31","3.760","3.840","3.730","3.790","36007301","136258696.000"
"600340","2021-09-01","3.780","4.150","3.770","4.010","86601095","345380411.000"
"600340","2021-09-02","3.980","4.140","3.950","4.050","64838341","262232076.000"
"600340","2021-09-03","4.060","4.230","3.980","4.170","69441003","286242982.000"
"600340","2021-09-06","4.100","4.140","4.020","4.030","52470205","213020077.000"
"600340","2021-09-07","4.050","4.080","4.000","4.060","35000361","141446522.000"
"600340","2021-09-08","4.050","4.140","4.040","4.140","53986363","220900581.000"
"600340","2021-09-09","4.130","4.230","4.120","4.150","47537514","198158438.000"
"600340","2021-09-10","4.300","4.470","4.170","4.180","104131785","449492380.000"
"600340","2021-09-13","4.120","4.250","4.070","4.180","61719412","257396588.000"
"600340","2021-09-14","4.210","4.240","3.960","3.990","74982239","304967942.000"
"600340","2021-09-15","3.980","4.020","3.910","3.930","39346841","155767613.000"
"600340","2021-09-16","3.930","3.970","3.820","3.830","49764907","193675690.000"
"600340","2021-09-17","3.820","3.860","3.760","3.810","35580556","135795371.000"
"600340","2021-09-22","3.750","3.870","3.720","3.830","34002079","129296822.000"
"600340","2021-09-23","3.850","4.130","3.830","4.010","80916433","324984574.000"
"600340","2021-10-08","4.410","4.410","4.410","4.410","14169391","62487014.000"
"600340","2021-10-11","4.650","4.730","4.310","4.330","146562329","659321062.000"
"600340","2021-10-12","4.230","4.250","4.070","4.120","77471647","322661248.000"
"600340","2021-10-13","4.090","4.120","4.000","4.040","40148261","162559867.000"
"600340","2021-10-14","4.030","4.080","4.010","4.050","25629620","103787285.000"
"600340","2021-10-15","4.010","4.020","3.860","3.860","53023215","206997832.000"
"600340","2021-10-18","3.890","3.900","3.800","3.870","32313063","124208680.000"
"600340","2021-10-19","3.850","3.860","3.810","3.830","24603486","94308277.000"
"600340","2021-10-20","3.830","3.930","3.790","3.890","36631645","141294583.000"
"600340","2021-10-21","3.910","4.080","3.870","4.000","64108487","255868355.000"
"600340","2021-10-22","4.000","4.190","3.980","4.030","61248485","250437244.000"
"600340","2021-10-25","3.920","3.990","3.850","3.920","48538204","190609238.000"
"600340","2021-10-26","3.930","3.950","3.810","3.810","36762983","141877738.000"
"600340","2021-10-27","3.810","3.820","3.680","3.700","35210415","131200927.000"
"600340","2021-10-28","3.690","3.710","3.560","3.570","38320410","138829624.000"
"600340","2021-10-29","3.530","3.690","3.520","3.680","35117850","127549413.000"
"600340","2021-11-01","3.640","3.710","3.610","3.650","21288530","77759159.000"
"600340","2021-11-02","3.630","3.670","3.480","3.500","36325176","129190259.000"
"600340","2021-11-03","3.510","3.570","3.500","3.560","20582651","72997768.000"
"600340","2021-11-04","3.550","3.570","3.510","3.550","18429983","65091933.000"
"600340","2021-11-05","3.550","3.550","3.470","3.480","26898584","94143526.000"
"600340","2021-11-08","3.480","3.500","3.420","3.440","19087227","65894460.000"
"600340","2021-11-09","3.430","3.450","3.400","3.420","21124513","72272320.000"
"600340","2021-11-10","3.420","3.490","3.360","3.480","38292869","131132882.000"
"600340","2021-11-11","3.470","3.680","3.460","3.670","68634860","248580948.000"
"600340","2021-11-12","3.630","3.660","3.530","3.560","45187021","161707271.000"
"600340","2021-11-15","3.550","3.610","3.520","3.580","28919093","103004454.000"
"600340","2021-11-16","3.560","3.610","3.520","3.520","23649220","84078468.000"
"600340","2021-11-17","3.520","3.540","3.500","3.530","17861260","62868161.000"
"600340","2021-11-18","3.520","3.530","3.440","3.450","23779449","82639852.000"
"600340","2021-11-19","3.440","3.570","3.430","3.550","33052819","115827414.000"
"600340","2021-11-22","3.520","3.530","3.420","3.440","45304941","156343163.000"
"600340","2021-11-23","3.430","3.480","3.410","3.460","31251452","107985738.000"
"600340","2021-11-24","3.440","3.510","3.440","3.490","28402183","98945893.000"
"600340","2021-11-25","3.470","3.520","3.450","3.460","20922830","72637360.000"
"600340","2021-11-26","3.450","3.460","3.410","3.420","24688013","84587579.000"
"600340","2021-11-29","3.370","3.390","3.350","3.370","22480575","75816503.000"
"600340","2021-11-30","3.360","3.410","3.300","3.300","52606660","175667794.000"
"600340","2021-12-01","3.300","3.370","3.300","3.340","31707546","105747800.000"
"600340","2021-12-02","3.340","3.380","3.320","3.330","29697821","99398050.000"
"600340","2021-12-03","3.340","3.340","3.260","3.320","39808755","131211291.000"
"600340","2021-12-06","3.370","3.550","3.370","3.430","84698152","291902544.000"
"600340","2021-12-07","3.500","3.530","3.380","3.470","81641719","282262484.000"
"600340","2021-12-08","3.440","3.460","3.360","3.370","52816446","178785352.000"
"600340","2021-12-09","3.360","3.510","3.340","3.500","91327028","315779459.000"
"600340","2021-12-10","3.650","3.850","3.580","3.850","173120862","654365129.000"
"600340","2021-12-13","3.800","3.840","3.640","3.650","164053676","609538801.000"
"600340","2021-12-14","3.650","3.850","3.610","3.630","84158528","308590634.000"
"600340","2021-12-15","3.600","3.760","3.580","3.610","90803913","332585761.000"
"600340","2021-12-16","3.450","3.610","3.420","3.580","87212289","308055161.000"
"600340","2021-12-17","3.550","3.610","3.510","3.520","50387852","178843229.000"
"600340","2021-12-20","3.510","3.730","3.500","3.660","89694289","326884236.000"
"600340","2021-12-21","3.640","3.950","3.620","3.930","155463980","602783585.000"
"600340","2021-12-22","3.870","3.930","3.740","3.780","125903143","479273696.000"
"600340","2021-12-23","3.730","3.800","3.660","3.710","62856327","233189035.000"
"600340","2021-12-24","3.700","3.720","3.610","3.630","44598042","162051254.000"
"600340","2021-12-27","3.680","3.740","3.630","3.650","47808617","175814658.000"
"600340","2021-12-28","3.820","3.960","3.660","3.670","85032485","319376055.000"
"600340","2021-12-29","3.620","3.640","3.570","3.610","52022618","187561187.000"
"600340","2021-12-30","3.600","3.630","3.560","3.570","42078767","150887785.000"
"600340","2021-12-31","3.580","3.610","3.560","3.600","42441540","152252230.000"
"600340","2022-01-04","3.590","3.680","3.560","3.670","52497495","190844266.000"
"600340","2022-01-05","3.650","3.730","3.640","3.670","50104909","184497086.000"
"600340","2022-01-06","3.660","3.740","3.650","3.680","40503845","149601343.000"
"600340","2022-01-07","3.690","3.840","3.680","3.740","79949650","302278129.000"
"600340","2022-01-10","3.740","3.780","3.700","3.780","55907938","209009433.000"
"600340","2022-01-11","3.760","3.840","3.730","3.750","59108569","224061316.000"
"600340","2022-01-12","3.730","3.740","3.660","3.690","46696595","172213250.000"
"600340","2022-01-13","3.670","3.850","3.660","3.730","69228986","261509554.000"
"600340","2022-01-14","3.710","3.720","3.550","3.560","75461157","272739801.000"
"600340","2022-01-17","3.560","3.600","3.550","3.580","28440475","101671190.000"
"600340","2022-01-18","3.590","3.610","3.510","3.550","42254053","150430616.000"
"600340","2022-01-19","3.520","3.620","3.520","3.580","46854601","167717646.000"
"600340","2022-01-20","3.650","3.740","3.580","3.590","68078835","249061649.000"
"600340","2022-01-21","3.560","3.600","3.470","3.480","47035054","165402707.000"
"600340","2022-01-24","3.450","3.490","3.390","3.440","31502139","108230468.000"
"600340","2022-01-25","3.430","3.440","3.280","3.290","43990920","147330190.000"
"600340","2022-01-26","3.320","3.360","3.270","3.330","26683447","88444123.000"
"600340","2022-01-27","3.320","3.330","3.240","3.250","33269653","109269476.000"
"600340","2022-01-28","3.260","3.310","3.230","3.290","27120871","88792954.000"
"600340","2022-02-07","3.050","3.170","3.050","3.150","45338627","141629365.000"
"600340","2022-02-08","3.120","3.280","3.120","3.270","47073995","152439256.000"
"600340","2022-02-09","3.270","3.600","3.260","3.430","95292606","331736140.000"
"600340","2022-02-10","3.400","3.450","3.340","3.400","50546722","171552539.000"
"600340","2022-02-11","3.420","3.510","3.360","3.370","50324516","172006228.000"
"600340","2022-02-14","3.350","3.360","3.270","3.280","36560019","120689021.000"
"600340","2022-02-15","3.260","3.280","3.180","3.210","35514575","114596977.000"
"600340","2022-02-16","3.220","3.240","3.160","3.190","39734813","127035471.000"
"600340","2022-02-17","3.180","3.210","3.150","3.190","30750726","97800079.000"
"600340","2022-02-18","3.160","3.250","3.150","3.240","32405832","103971115.000"
"600340","2022-02-21","3.220","3.280","3.200","3.270","41133212","133074770.000"
"600340","2022-02-22","3.230","3.270","3.170","3.190","41211628","132495671.000"
"600340","2022-02-23","3.200","3.220","3.180","3.210","25086701","80304004.000"
"600340","2022-02-24","3.190","3.220","3.070","3.100","50884848","159761042.000"
"600340","2022-02-25","3.110","3.140","3.100","3.120","20522524","63997660.000"
"600340","2022-02-28","3.120","3.130","3.070","3.100","19808944","61188243.000"
"600340","2022-03-01","3.100","3.120","3.090","3.110","16433518","51071668.000"
"600340","2022-03-02","3.120","3.170","3.110","3.140","21727123","68179959.000"
"600340","2022-03-03","3.150","3.190","3.140","3.160","28770329","91184206.000"
"600340","2022-03-04","3.150","3.160","3.090","3.130","27152081","84529646.000"
"600340","2022-03-07","3.140","3.190","3.080","3.090","38324673","120150947.000"
"600340","2022-03-08","3.080","3.090","2.980","2.980","40353292","121798899.000"
"600340","2022-03-09","2.990","3.010","2.750","2.890","44821208","130051777.000"
"600340","2022-03-10","2.930","2.960","2.900","2.930","24903205","73047762.000"
"600340","2022-03-11","2.890","2.960","2.840","2.950","26611763","77072514.000"
"600340","2022-03-14","2.920","2.970","2.850","2.860","25525370","74309904.000"
"600340","2022-03-15","2.850","2.850","2.620","2.620","62898405","171807684.000"
"600340","2022-03-16","2.660","2.730","2.550","2.710","58632473","154518682.000"
"600340","2022-03-17","2.830","2.910","2.770","2.810","74202240","210355492.000"
"600340","2022-03-18","2.750","2.940","2.730","2.910","69117417","196872682.000"
"600340","2022-03-21","2.910","3.200","2.870","3.200","175106488","543919161.000"
"600340","2022-03-22","3.160","3.520","3.080","3.520","231927696","775619135.000"
"600340","2022-03-23","3.530","3.830","3.450","3.550","338811487","1217389235.000"
"600340","2022-03-24","3.420","3.520","3.350","3.390","188285377","643814884.000"
"600340","2022-03-25","3.330","3.730","3.250","3.730","280591612","999961078.000"
"600340","2022-03-28","3.880","4.100","3.760","4.100","257444153","1039357120.000"
"600340","2022-03-29","4.100","4.150","3.690","3.690","405049688","1588309715.000"
"600340","2022-03-30","3.600","3.950","3.520","3.730","319761733","1204803061.000"
"600340","2022-03-31","3.670","3.950","3.650","3.830","267190866","1009654011.000"
"600340","2022-04-01","4.210","4.210","4.210","4.210","88532309","372721021.000"
"600340","2022-04-06","4.630","4.630","4.460","4.630","172905016","799479701.000"
"600340","2022-04-07","4.600","4.600","4.170","4.180","358253068","1547046936.000"
"600340","2022-04-08","4.070","4.390","4.010","4.340","255110135","1079080595.000"
"600340","2022-04-11","4.100","4.120","3.910","3.910","152462929","601552749.000"
"600340","2022-04-12","3.830","3.970","3.680","3.700","196020844","745339095.000"
"600340","2022-04-13","3.630","3.710","3.460","3.510","170157728","608502101.000"
"600340","2022-04-14","3.550","3.740","3.550","3.690","141689792","517353286.000"
"600340","2022-04-15","3.630","3.760","3.500","3.540","148372296","539866053.000"
"600340","2022-04-18","3.480","3.600","3.380","3.420","124048087","432637261.000"
"600340","2022-04-19","3.420","3.480","3.320","3.470","108080945","366876428.000"
"600340","2022-04-20","3.490","3.490","3.250","3.290","112020922","374232514.000"
"600340","2022-04-21","3.250","3.300","3.110","3.140","100756072","321899163.000"
"600340","2022-04-22","3.090","3.170","3.060","3.110","72851650","227467890.000"
"600340","2022-04-25","3.010","3.180","2.860","2.880","105778379","318518254.000"
"600340","2022-04-26","2.920","3.030","2.860","2.890","101492498","297787167.000"
"600340","2022-04-27","2.800","2.890","2.760","2.880","81753781","231536839.000"
"600340","2022-04-28","2.890","2.990","2.840","2.940","88823343","259108017.000"
"600340","2022-04-29","2.940","3.020","2.900","3.000","109201939","323150649.000"
"600340","2022-05-05","3.300","3.300","3.300","3.300","18822533","62114359.000"
"600340","2022-05-06","3.510","3.630","3.410","3.630","277187771","988077361.000"
"600340","2022-05-09","3.590","3.990","3.550","3.990","255024624","982141224.000"
"600340","2022-05-10","3.980","4.120","3.760","3.800","350432138","1373728052.000"
"600340","2022-05-11","3.680","3.860","3.600","3.600","258820758","961107883.000"
"600340","2022-05-12","3.590","3.650","3.460","3.510","159638536","566432646.000"
"600340","2022-05-13","3.510","3.850","3.430","3.740","263888247","963584037.000"
"600340","2022-05-16","3.800","3.830","3.650","3.680","190292535","709998144.000"
"600340","2022-05-17","3.620","3.670","3.510","3.580","119832835","428047251.000"
"600340","2022-05-18","3.560","3.600","3.530","3.550","86993468","309692706.000"
"600340","2022-05-19","3.480","3.650","3.440","3.640","144946731","520917938.000"
"600340","2022-05-20","3.610","3.650","3.540","3.570","93301351","334018070.000"
"600340","2022-05-23","3.560","3.590","3.520","3.550","62007820","219925035.000"
"600340","2022-05-24","3.560","3.570","3.360","3.370","99689890","345906126.000"
"600340","2022-05-25","3.350","3.440","3.350","3.400","57248873","194419055.000"
"600340","2022-05-26","3.430","3.480","3.370","3.400","76955603","263898606.000"
"600340","2022-05-27","3.400","3.440","3.360","3.390","57540124","195051709.000"
"600340","2022-05-30","3.380","3.430","3.250","3.350","71992982","240159562.000"
"600340","2022-05-31","3.340","3.390","3.290","3.330","48965822","162610236.000"
"600340","2022-06-01","3.330","3.400","3.300","3.350","53520230","179551125.000"
"600340","2022-06-02","3.320","3.330","3.230","3.250","60775333","198088310.000"
"600340","2022-06-06","3.220","3.260","3.180","3.250","51754353","166486884.000"
"600340","2022-06-07","3.250","3.300","3.240","3.290","61511892","201229822.000"
"600340","2022-06-08","3.290","3.300","3.160","3.250","61399335","198413392.000"
"600340","2022-06-09","3.250","3.290","3.170","3.180","57594573","185840405.000"
"600340","2022-06-10","3.150","3.170","3.130","3.160","42674776","134584164.000"
"600340","2022-06-13","3.160","3.200","3.100","3.130","44077781","138825878.000"
"600340","2022-06-14","3.100","3.440","3.090","3.440","188472201","634431718.000"
"600340","2022-06-15","3.400","3.680","3.370","3.380","225401804","785004651.000"
"600340","2022-06-16","3.350","3.430","3.320","3.340","104809660","352250445.000"
"600340","2022-06-17","3.320","3.360","3.230","3.260","84462518","276994201.000"
"600340","2022-06-20","3.290","3.350","3.250","3.290","64955538","214421446.000"
"600340","2022-06-21","3.330","3.410","3.240","3.270","98756937","329520666.000"
"600340","2022-06-22","3.250","3.260","3.150","3.160","76281480","243495973.000"
"600340","2022-06-23","3.160","3.210","3.130","3.170","69911298","221422573.000"
"600340","2022-06-24","3.170","3.170","3.130","3.150","43532435","137022613.000"
"600340","2022-06-27","3.160","3.180","3.130","3.150","52678214","165947778.000"
"600340","2022-06-28","3.150","3.170","3.110","3.170","48099124","151105620.000"
"600340","2022-06-29","3.160","3.260","3.140","3.230","103185680","332834017.000"
"600340","2022-06-30","3.250","3.270","3.180","3.200","65906892","211220862.000"
"600340","2022-07-01","3.190","3.230","3.150","3.160","49918613","158801991.000"
"600340","2022-07-04","3.160","3.160","3.120","3.160","36851771","115543509.000"
"600340","2022-07-05","3.190","3.210","3.120","3.140","36966302","116698091.000"
"600340","2022-07-06","3.150","3.390","3.100","3.220","109772002","354670442.000"
"600340","2022-07-07","3.180","3.220","3.150","3.170","51152890","162318425.000"
"600340","2022-07-08","3.180","3.200","3.140","3.140","39365765","124505102.000"
"600340","2022-07-11","3.140","3.140","3.100","3.110","33082361","103019791.000"
"600340","2022-07-12","3.100","3.110","3.050","3.080","40672247","125332487.000"
"600340","2022-07-13","3.070","3.160","3.060","3.110","39166863","121987529.000"
"600340","2022-07-14","3.080","3.080","3.020","3.030","49459640","150400488.000"
"600340","2022-07-15","2.980","2.980","2.770","2.850","70790967","202764587.000"
"600340","2022-07-18","2.800","3.000","2.790","2.960","52880112","154853803.000"
"600340","2022-07-19","2.940","2.970","2.910","2.940","31815688","93385155.000"
"600340","2022-07-20","2.940","2.960","2.900","2.910","26004024","75963407.000"
"600340","2022-07-21","2.910","2.950","2.880","2.910","31180458","90790665.000"
"600340","2022-07-22","2.910","2.930","2.860","2.880","28060074","81254126.000"
"600340","2022-07-25","2.890","2.990","2.880","2.930","44073277","129912880.000"
"600340","2022-07-26","2.920","3.100","2.900","3.080","88543171","269533678.000"
"600340","2022-07-27","3.050","3.070","2.980","3.000","52655751","158650153.000"
"600340","2022-07-28","2.990","3.070","2.980","3.030","43295829","130594494.000"
"600340","2022-07-29","3.040","3.040","2.930","2.940","42220061","125480211.000"
"600340","2022-08-01","2.920","2.930","2.890","2.900","25900589","75302881.000"
"600340","2022-08-02","2.890","2.890","2.750","2.820","49512703","138830425.000"
"600340","2022-08-03","2.820","2.860","2.760","2.780","26833923","75407786.000"
"600340","2022-08-04","2.790","2.810","2.750","2.800","20309973","56581755.000"
"600340","2022-08-05","2.800","2.830","2.780","2.830","24770039","69543181.000"
"600340","2022-08-08","2.870","2.990","2.860","2.910","49592781","145356540.000"
"600340","2022-08-09","2.880","3.090","2.830","2.990","78203302","231427451.000"
"600340","2022-08-10","2.950","3.000","2.910","2.910","42570954","125253447.000"
"600340","2022-08-11","2.930","2.970","2.920","2.930","28532677","83790542.000"
"600340","2022-08-12","2.920","2.980","2.900","2.960","35113702","103551067.000"
"600340","2022-08-15","2.950","2.980","2.910","2.920","25665260","75181924.000"
"600340","2022-08-16","2.950","3.000","2.930","2.970","54832257","162804658.000"
"600340","2022-08-17","2.960","3.000","2.930","2.970","61070760","181241415.000"
"600340","2022-08-18","2.950","2.960","2.900","2.910","35448121","103634964.000"
"600340","2022-08-19","2.910","2.980","2.890","2.930","37446130","110275265.000"
"600340","2022-08-22","2.940","2.970","2.900","2.940","33847830","99453563.000"
"600340","2022-08-23","2.950","2.950","2.900","2.910","22585955","65925482.000"
"600340","2022-08-24","2.900","2.930","2.830","2.830","35522254","102107077.000"
"600340","2022-08-25","2.850","2.870","2.800","2.860","27725517","78627907.000"
"600340","2022-08-26","2.850","2.860","2.810","2.810","22326037","63213589.000"
"600340","2022-08-29","2.780","2.840","2.750","2.830","24065073","67400546.000"
"600340","2022-08-30","2.820","2.880","2.820","2.860","22559257","64339367.000"
"600340","2022-08-31","2.860","2.890","2.830","2.840","29343639","83771268.000"
"600340","2022-09-01","2.840","2.920","2.820","2.880","45322268","130558274.000"
"600340","2022-09-02","2.870","2.880","2.820","2.830","26458299","75096333.000"
"600340","2022-09-05","2.830","2.890","2.820","2.870","30743949","87915149.000"
"600340","2022-09-06","2.880","2.940","2.870","2.940","50159331","146438079.000"
"600340","2022-09-07","2.920","2.950","2.900","2.940","32127657","94080270.000"
"600340","2022-09-08","2.940","2.960","2.890","2.900","23407057","68118280.000"
"600340","2022-09-09","2.900","2.990","2.890","2.960","54613501","161527942.000"
"600340","2022-09-13","2.960","2.990","2.920","2.930","41316679","121928575.000"
"600340","2022-09-14","2.900","2.960","2.890","2.890","34125216","99641099.000"
"600340","2022-09-15","2.880","2.970","2.880","2.930","59056827","173384920.000"
"600340","2022-09-16","2.950","2.950","2.780","2.790","61258966","174181738.000"
"600340","2022-09-19","2.820","2.820","2.600","2.720","41064129","111666750.000"
"600340","2022-09-20","2.710","2.780","2.670","2.690","35216766","95620400.000"
"600340","2022-09-21","2.680","2.780","2.600","2.760","52301461","140711331.000"
"600340","2022-09-22","2.740","2.800","2.690","2.690","37335010","102351379.000"
"600340","2022-09-23","2.670","2.770","2.640","2.660","33406225","90247009.000"
"600340","2022-09-26","2.650","2.690","2.550","2.570","42398887","110386130.000"
"600340","2022-09-27","2.570","2.610","2.530","2.610","29225969","75063689.000"
"600340","2022-09-28","2.590","2.610","2.520","2.530","28242090","72395473.000"
"600340","2022-09-29","2.550","2.560","2.440","2.440","36982854","92020225.000"
"600340","2022-09-30","2.470","2.520","2.450","2.500","30621670","76161314.000"
"600340","2022-10-10","2.510","2.550","2.430","2.440","32598379","81168255.000"
"600340","2022-10-11","2.430","2.440","2.370","2.410","23289971","56031159.000"
"600340","2022-10-12","2.420","2.480","2.390","2.470","24380420","59212633.000"
"600340","2022-10-13","2.450","2.470","2.410","2.440","25843212","63004810.000"
"600340","2022-10-14","2.440","2.530","2.440","2.490","31936691","79573233.000"
"600340","2022-10-17","2.470","2.570","2.460","2.540","36626367","92602412.000"
"600340","2022-10-18","2.550","2.560","2.500","2.510","25580270","64564664.000"
"600340","2022-10-19","2.510","2.530","2.460","2.470","23098200","57425553.000"
"600340","2022-10-20","2.450","2.490","2.430","2.450","20791690","51122471.000"
"600340","2022-10-21","2.470","2.500","2.440","2.440","20899998","51539208.000"
"600340","2022-10-24","2.450","2.450","2.340","2.360","34974556","83620192.000"
"600340","2022-10-25","2.340","2.360","2.280","2.320","27299892","63113638.000"
"600340","2022-10-26","2.320","2.350","2.310","2.320","24272360","56481854.000"
"600340","2022-10-27","2.340","2.340","2.310","2.320","26509920","61670602.000"
"600340","2022-10-28","2.320","2.320","2.170","2.190","47074779","104844283.000"
"600340","2022-10-31","2.170","2.240","2.140","2.190","37412744","81733446.000"
"600340","2022-11-01","2.190","2.230","2.160","2.230","32384872","71273420.000"
"600340","2022-11-02","2.220","2.280","2.210","2.270","34947454","78893679.000"
"600340","2022-11-03","2.250","2.270","2.220","2.240","24168550","54208498.000"
"600340","2022-11-04","2.230","2.290","2.220","2.280","27081906","61323291.000"
"600340","2022-11-07","2.280","2.320","2.270","2.310","29994571","68928640.000"
"600340","2022-11-08","2.320","2.320","2.280","2.290","26915200","61926000.000"
"600340","2022-11-09","2.310","2.520","2.310","2.400","123565442","302673334.000"
"600340","2022-11-10","2.370","2.390","2.320","2.360","77955434","183917600.000"
"600340","2022-11-11","2.410","2.580","2.380","2.500","138109859","342130681.000"
"600340","2022-11-14","2.640","2.640","2.480","2.530","148029775","379635964.000"
"600340","2022-11-15","2.530","2.780","2.520","2.700","175780752","473584932.000"
"600340","2022-11-16","2.660","2.670","2.550","2.590","121574914","315860691.000"
"600340","2022-11-17","2.560","2.610","2.530","2.560","56896598","145799917.000"
"600340","2022-11-18","2.580","2.600","2.510","2.520","48063530","122393112.000"
"600340","2022-11-21","2.510","2.510","2.440","2.480","44932099","110861169.000"
"600340","2022-11-22","2.510","2.530","2.430","2.450","40186264","99479077.000"
"600340","2022-11-23","2.440","2.460","2.420","2.440","27396455","66728994.000"
"600340","2022-11-24","2.500","2.540","2.460","2.470","59879237","149274746.000"
"600340","2022-11-25","2.470","2.630","2.460","2.610","122731454","317066961.000"
"600340","2022-11-28","2.550","2.620","2.520","2.600","73720584","190790743.000"
"600340","2022-11-29","2.840","2.860","2.690","2.860","225757842","634788308.000"
"600340","2022-11-30","2.840","3.050","2.800","2.810","236824951","685932605.000"
"600340","2022-12-01","2.790","2.890","2.740","2.770","125166352","350441968.000"
"600340","2022-12-02","2.850","2.980","2.760","2.840","154458409","439828095.000"
"600340","2022-12-05","2.920","3.030","2.860","2.870","139777853","407348996.000"
"600340","2022-12-06","2.820","2.870","2.750","2.790","102335565","286710955.000"
"600340","2022-12-07","2.790","2.830","2.730","2.800","56297498","156073230.000"
"600340","2022-12-08","2.790","2.830","2.760","2.820","73276234","204755768.000"
"600340","2022-12-09","2.800","2.870","2.760","2.830","78374657","220634712.000"
"600340","2022-12-12","2.790","2.790","2.680","2.690","78031088","213029972.000"
"600340","2022-12-13","2.680","2.760","2.670","2.730","50004184","136201375.000"
"600340","2022-12-14","2.730","2.730","2.660","2.670","41883861","112277786.000"
"600340","2022-12-15","2.740","2.770","2.680","2.730","59333817","161505754.000"
"600340","2022-12-16","2.730","2.760","2.680","2.710","62863365","171293961.000"
"600340","2022-12-19","2.680","2.770","2.610","2.640","60871770","163248540.000"
"600340","2022-12-20","2.650","2.660","2.550","2.580","43487122","112850228.000"
"600340","2022-12-21","2.580","2.620","2.570","2.580","32678670","84605536.000"
"600340","2022-12-22","2.620","2.660","2.580","2.580","41655312","109222162.000"
"600340","2022-12-23","2.570","2.610","2.550","2.580","26545038","68603445.000"
"600340","2022-12-26","2.570","2.580","2.500","2.520","39300850","98967670.000"
"600340","2022-12-27","2.520","2.570","2.510","2.540","31010220","78889567.000"
"600340","2022-12-28","2.530","2.560","2.510","2.520","27146241","68766492.000"
"600340","2022-12-29","2.610","2.670","2.570","2.580","67754666","177210355.000"
"600340","2022-12-30","2.560","2.570","2.490","2.510","52495410","132082667.000"
"600340","2023-01-03","2.500","2.520","2.450","2.490","46286786","114697858.000"
"600340","2023-01-04","2.470","2.570","2.470","2.540","63764670","161704700.000"
"600340","2023-01-05","2.540","2.540","2.480","2.500","46934644","117469600.000"
"600340","2023-01-06","2.520","2.530","2.460","2.470","40351419","100525333.000"
"600340","2023-01-09","2.470","2.490","2.460","2.480","21453922","53072022.000"
"600340","2023-01-10","2.480","2.480","2.450","2.450","19373521","47560518.000"
"600340","2023-01-11","2.460","2.480","2.440","2.450","20161417","49634857.000"
"600340","2023-01-12","2.460","2.460","2.410","2.420","21825700","52927704.000"
"600340","2023-01-13","2.420","2.450","2.420","2.450","13689427","33370098.000"
"600340","2023-01-16","2.450","2.490","2.430","2.470","18568270","45805294.000"
"600340","2023-01-17","2.480","2.520","2.440","2.450","24330380","60336556.000"
"600340","2023-01-18","2.450","2.490","2.450","2.460","14939162","36815965.000"
"600340","2023-01-19","2.470","2.480","2.450","2.470","17551920","43342843.000"
"600340","2023-01-20","2.480","2.630","2.470","2.560","59941965","153214031.000"
"600340","2023-01-30","2.600","2.760","2.590","2.670","76974312","205750296.000"
"600340","2023-01-31","2.730","2.940","2.720","2.840","221965720","638987496.000"
"600340","2023-02-01","2.790","2.820","2.680","2.820","134792060","370996435.000"
"600340","2023-02-02","2.810","2.840","2.770","2.810","73497162","206094470.000"
"600340","2023-02-03","2.820","2.830","2.740","2.760","59497133","164304097.000"
"600340","2023-02-06","2.730","2.740","2.690","2.720","50019936","135734947.000"
"600340","2023-02-07","2.710","2.770","2.710","2.740","46000173","126162816.000"
"600340","2023-02-08","2.730","2.760","2.710","2.710","32273627","88071081.000"
"600340","2023-02-09","2.710","2.730","2.690","2.730","28242977","76521237.000"
"600340","2023-02-10","2.710","2.750","2.700","2.720","29980250","81588889.000"
"600340","2023-02-13","2.720","2.730","2.670","2.690","39166550","105257722.000"
"600340","2023-02-14","2.690","2.730","2.670","2.680","34224161","92293637.000"
"600340","2023-02-15","2.660","2.700","2.640","2.680","43206690","115340281.000"
"600340","2023-02-16","2.690","2.720","2.600","2.620","52613502","140651134.000"
"600340","2023-02-17","2.620","2.660","2.600","2.630","27864140","73290009.000"
"600340","2023-02-20","2.630","2.690","2.610","2.680","34020410","90307472.000"
"600340","2023-02-21","2.720","2.780","2.710","2.750","59623450","163275313.000"
"600340","2023-02-22","2.720","2.750","2.710","2.730","30385520","83046703.000"
"600340","2023-02-23","2.740","2.780","2.730","2.750","42980454","118288088.000"
"600340","2023-02-24","2.740","2.750","2.690","2.710","35681665","96757660.000"
"600340","2023-02-27","2.720","2.730","2.680","2.680","23870286","64555377.000"
"600340","2023-02-28","2.680","2.740","2.670","2.740","30957774","83654107.000"
"600340","2023-03-01","2.730","2.760","2.720","2.740","31650778","86557740.000"
"600340","2023-03-02","2.740","2.750","2.700","2.700","23968660","65110594.000"
"600340","2023-03-03","2.690","2.730","2.680","2.730","23275290","63189187.000"
"600340","2023-03-06","2.730","2.730","2.660","2.680","33906190","91167929.000"
"600340","2023-03-07","2.680","2.700","2.630","2.640","25710168","68500834.000"
"600340","2023-03-08","2.630","2.690","2.620","2.670","18562666","49403428.000"
"600340","2023-03-09","2.670","2.680","2.630","2.640","14442835","38303737.000"
"600340","2023-03-10","2.630","2.640","2.580","2.590","21911371","57168833.000"
"600340","2023-03-13","2.580","2.600","2.550","2.590","19376886","49908234.000"
"600340","2023-03-14","2.580","2.600","2.530","2.540","23816999","60902633.000"
"600340","2023-03-15","2.550","2.610","2.540","2.550","41615830","107061987.000"
"600340","2023-03-16","2.540","2.570","2.520","2.530","26155410","66628010.000"
"600340","2023-03-17","2.550","2.570","2.530","2.540","23024090","58673890.000"
"600340","2023-03-20","2.550","2.570","2.500","2.520","31636010","80054561.000"
"600340","2023-03-21","2.520","2.530","2.500","2.530","17919549","45083479.000"
"600340","2023-03-22","2.530","2.550","2.510","2.530","26508100","67034365.000"
"600340","2023-03-23","2.520","2.530","2.490","2.500","23591690","58999096.000"
"600340","2023-03-24","2.500","2.570","2.480","2.550","44477016","112292384.000"
"600340","2023-03-27","2.540","2.550","2.480","2.490","30653080","76672507.000"
"600340","2023-03-28","2.490","2.500","2.440","2.450","26160597","64529089.000"
"600340","2023-03-29","2.450","2.470","2.420","2.420","25169468","61351627.000"
"600340","2023-03-30","2.440","2.450","2.400","2.420","27669064","66955657.000"
"600340","2023-03-31","2.430","2.450","2.420","2.430","18795602","45634797.000"
"600340","2023-04-03","2.430","2.480","2.410","2.470","26884560","66072854.000"
"600340","2023-04-04","2.470","2.480","2.420","2.440","24468352","59804861.000"
"600340","2023-04-06","2.430","2.450","2.410","2.420","18622131","45163337.000"
"600340","2023-04-07","2.420","2.500","2.420","2.480","35945899","89074354.000"
"600340","2023-04-10","2.470","2.470","2.440","2.440","23079738","56608426.000"
"600340","2023-04-11","2.440","2.470","2.410","2.460","25118760","61356663.000"
"600340","2023-04-12","2.460","2.480","2.430","2.460","21658749","53023148.000"
"600340","2023-04-13","2.450","2.480","2.430","2.470","24670780","60650080.000"
"600340","2023-04-14","2.480","2.490","2.440","2.450","20312300","49855196.000"
"600340","2023-04-17","2.450","2.460","2.410","2.440","24400430","59309386.000"
"600340","2023-04-18","2.440","2.440","2.410","2.410","21021484","50882317.000"
"600340","2023-04-19","2.400","2.410","2.320","2.330","42433700","99997151.000"
"600340","2023-04-20","2.330","2.330","2.270","2.310","44788933","102534423.000"
"600340","2023-04-21","2.310","2.330","2.230","2.250","34164487","77684537.000"
"600340","2023-04-24","2.250","2.250","2.200","2.240","22016575","49032371.000"
"600340","2023-04-25","2.230","2.240","2.150","2.180","33000276","72173640.000"
"600340","2023-04-26","2.170","2.240","2.150","2.210","25728781","56703872.000"
"600340","2023-04-27","2.210","2.240","2.190","2.210","20466780","45464656.000"
"600340","2023-04-28","2.210","2.260","2.200","2.210","52130056","115668306.000"
"600340","2023-05-04","2.250","2.370","2.220","2.270","152240013","347756509.000"
"600340","2023-05-05","2.250","2.500","2.250","2.500","170349444","409177433.000"
"600340","2023-05-08","2.500","2.520","2.440","2.500","153382034","380229458.000"
"600340","2023-05-09","2.500","2.620","2.460","2.570","179471222","456749404.000"
"600340","2023-05-10","2.540","2.570","2.490","2.510","96332508","242852667.000"
"600340","2023-05-11","2.560","2.670","2.550","2.570","146627830","380668628.000"
"600340","2023-05-12","2.530","2.590","2.510","2.520","97637368","248019063.000"
"600340","2023-05-15","2.520","2.540","2.440","2.510","70740436","175513013.000"
"600340","2023-05-16","2.500","2.500","2.420","2.430","56140193","137827259.000"
"600340","2023-05-17","2.430","2.450","2.400","2.440","41586684","100984782.000"
"600340","2023-05-18","2.440","2.450","2.370","2.380","51274650","122959834.000"
"600340","2023-05-19","2.390","2.390","2.310","2.320","51487498","120080115.000"
"600340","2023-05-22","2.340","2.340","2.270","2.280","57355987","130996157.000"
"600340","2023-05-23","2.280","2.330","2.260","2.270","63198380","144807562.000"
"600340","2023-05-24","2.260","2.270","2.220","2.230","48701756","109263564.000"
"600340","2023-05-25","2.220","2.240","2.180","2.210","46806509","103448231.000"
"600340","2023-05-26","2.210","2.250","2.160","2.240","61508223","135723380.000"
"600340","2023-05-29","2.240","2.250","2.190","2.200","42113900","93329197.000"
"600340","2023-05-30","2.200","2.270","2.170","2.270","47712660","105903676.000"
"600340","2023-05-31","2.250","2.290","2.230","2.250","37372106","84239388.000"
"600340","2023-06-01","2.240","2.250","2.210","2.230","26248120","58659355.000"
"600340","2023-06-02","2.230","2.330","2.230","2.310","63508883","145721093.000"
"600340","2023-06-05","2.300","2.320","2.280","2.300","41513124","95324348.000"
"600340","2023-06-06","2.300","2.380","2.290","2.310","77415067","181272603.000"
"600340","2023-06-07","2.330","2.410","2.320","2.350","67003183","158227487.000"
"600340","2023-06-08","2.350","2.410","2.310","2.380","78968856","187067266.000"
"600340","2023-06-09","2.360","2.380","2.340","2.380","76259750","180327151.000"
"600340","2023-06-12","2.360","2.380","2.320","2.340","47177000","110717387.000"
"600340","2023-06-13","2.330","2.370","2.300","2.320","45539309","106198357.000"
"600340","2023-06-14","2.320","2.350","2.260","2.270","49619158","113974522.000"
"600340","2023-06-15","2.280","2.340","2.270","2.340","60623027","140450923.000"
"600340","2023-06-16","2.330","2.350","2.310","2.320","37120161","86334705.000"
"600340","2023-06-19","2.320","2.330","2.230","2.230","61371500","138689386.000"
"600340","2023-06-20","2.230","2.230","2.180","2.190","43766045","96340427.000"
"600340","2023-06-21","2.190","2.210","2.170","2.180","43507000","95095621.000"
"600340","2023-06-26","2.160","2.170","2.140","2.150","41172920","88581739.000"
"600340","2023-06-27","2.140","2.230","2.140","2.210","45273410","99293597.000"
"600340","2023-06-28","2.200","2.210","2.170","2.190","33429470","73096169.000"
"600340","2023-06-29","2.190","2.190","2.160","2.170","28898043","62795318.000"
"600340","2023-06-30","2.180","2.240","2.170","2.210","32782916","72423610.000"
"600340","2023-07-03","2.230","2.290","2.220","2.250","40890530","92156674.000"
"600340","2023-07-04","2.250","2.250","2.210","2.220","32143217","71440056.000"
"600340","2023-07-05","2.220","2.250","2.200","2.230","28270481","62986929.000"
"600340","2023-07-06","2.220","2.280","2.200","2.270","60958374","136804415.000"
"600340","2023-07-07","2.250","2.320","2.240","2.250","56552775","128568307.000"
"600340","2023-07-10","2.250","2.260","2.220","2.230","30907580","69050285.000"
"600340","2023-07-11","2.260","2.290","2.230","2.240","25614939","57618146.000"
"600340","2023-07-12","2.230","2.250","2.190","2.200","39644006","87554291.000"
"600340","2023-07-13","2.200","2.220","2.190","2.210","27977920","61770139.000"
"600340","2023-07-14","2.240","2.260","2.220","2.250","46935969","105216363.000"
"600340","2023-07-17","2.200","2.210","2.160","2.190","46870330","102201548.000"
"600340","2023-07-18","2.190","2.210","2.160","2.180","30873059","67324668.000"
"600340","2023-07-19","2.180","2.230","2.170","2.230","44145571","97628275.000"
"600340","2023-07-20","2.230","2.270","2.210","2.250","56796633","127685281.000"
"600340","2023-07-21","2.230","2.480","2.230","2.380","172913539","408517030.000"
"600340","2023-07-24","2.370","2.380","2.280","2.340","103931187","242220464.000"
"600340","2023-07-25","2.360","2.480","2.350","2.440","137892508","335136678.000"
"600340","2023-07-26","2.450","2.680","2.450","2.680","346743382","912441088.000"
"600340","2023-07-27","2.600","2.640","2.500","2.510","356010709","910761810.000"
"600340","2023-07-28","2.530","2.590","2.490","2.530","211053070","534349304.000"
"600340","2023-07-31","2.540","2.780","2.530","2.720","413701864","1124866316.000"
"600340","2023-08-01","2.690","2.780","2.650","2.660","268914246","727311970.000"
"600340","2023-08-02","2.660","2.750","2.650","2.660","182812871","493493985.000"
"600340","2023-08-03","2.650","2.720","2.580","2.700","175899003","468039319.000"
"600340","2023-08-04","2.750","2.830","2.700","2.700","248744319","682764860.000"
"600340","2023-08-07","2.650","2.650","2.560","2.580","173541531","450919533.000"
"600340","2023-08-08","2.570","2.600","2.520","2.530","100832319","257421532.000"
"600340","2023-08-09","2.530","2.570","2.510","2.520","80013164","202860923.000"
"600340","2023-08-10","2.510","2.550","2.490","2.510","78619330","197503345.000"
"600340","2023-08-11","2.530","2.580","2.470","2.490","106083580","266380557.000"
"600340","2023-08-14","2.410","2.460","2.390","2.430","81789720","198503723.000"
"600340","2023-08-15","2.430","2.440","2.380","2.410","69340706","167367448.000"
"600340","2023-08-16","2.420","2.500","2.380","2.450","88148573","215440867.000"
"600340","2023-08-17","2.440","2.480","2.430","2.450","66413187","162606283.000"
"600340","2023-08-18","2.450","2.480","2.360","2.370","80066070","193408072.000"
"600340","2023-08-21","2.390","2.410","2.320","2.330","52170128","123011747.000"
"600340","2023-08-22","2.340","2.350","2.280","2.310","61814018","142602120.000"
"600340","2023-08-23","2.300","2.300","2.240","2.250","52898508","120082385.000"
"600340","2023-08-24","2.270","2.280","2.190","2.200","72710817","161330818.000"
"600340","2023-08-25","2.190","2.250","2.180","2.210","88039073","194730147.000"
"600340","2023-08-28","2.360","2.430","2.310","2.360","225630499","539338611.000"
"600340","2023-08-29","2.370","2.490","2.330","2.470","199415087","485449383.000"
"600340","2023-08-30","2.470","2.500","2.400","2.410","97416830","236841592.000"
"600340","2023-08-31","2.400","2.440","2.280","2.280","102532924","239057230.000"
"600340","2023-09-01","2.320","2.360","2.260","2.270","70688343","161980410.000"
"600340","2023-09-04","2.290","2.360","2.280","2.290","93200186","215087705.000"
"600340","2023-09-05","2.290","2.300","2.220","2.230","83933500","188357502.000"
"600340","2023-09-06","2.230","2.300","2.210","2.290","121809029","274965116.000"
"600340","2023-09-07","2.290","2.310","2.240","2.240","99178089","225733185.000"
"600340","2023-09-08","2.220","2.240","2.210","2.220","55751069","123824346.000"
"600340","2023-09-11","2.220","2.240","2.190","2.230","54353096","120514619.000"
"600340","2023-09-12","2.220","2.240","2.210","2.220","40897433","90925999.000"
"600340","2023-09-13","2.220","2.260","2.210","2.230","53459070","119327121.000"
"600340","2023-09-14","2.230","2.230","2.190","2.190","40803272","89958336.000"
"600340","2023-09-15","2.210","2.220","2.190","2.220","40773353","90032647.000"
"600340","2023-09-18","2.210","2.210","2.180","2.200","35005180","76884404.000"
"600340","2023-09-19","2.200","2.210","2.180","2.190","33108121","72583176.000"
"600340","2023-09-20","2.190","2.210","2.180","2.190","26040923","57190455.000"
"600340","2023-09-21","2.200","2.220","2.190","2.200","36506360","80451056.000"
"600340","2023-09-22","2.190","2.230","2.190","2.230","41507530","91866493.000"
"600340","2023-09-25","2.220","2.220","2.180","2.190","38033836","83396140.000"
"600340","2023-09-26","2.180","2.190","2.160","2.160","27083776","58819267.000"
"600340","2023-09-27","2.160","2.180","2.150","2.150","32092983","69458731.000"
"600340","2023-09-28","2.160","2.180","2.150","2.180","26331550","57130436.000"
"600340","2023-10-09","2.170","2.180","2.020","2.020","92606053","191088530.000"
"600340","2023-10-10","2.010","2.050","2.000","2.020","37167990","75297813.000"
"600340","2023-10-11","2.030","2.040","2.000","2.000","35169893","70802981.000"
"600340","2023-10-12","2.000","2.030","1.990","2.020","33800630","67912088.000"
"600340","2023-10-13","2.010","2.010","1.960","1.970","49440849","98083535.000"
"600340","2023-10-16","1.960","1.980","1.880","1.890","83695173","159966531.000"
"600340","2023-10-17","1.900","1.900","1.820","1.850","63999974","118289122.000"
"600340","2023-10-18","1.840","1.860","1.820","1.830","45586350","83686413.000"
"600340","2023-10-19","1.810","1.850","1.800","1.820","42455120","77436949.000"
"600340","2023-10-20","1.810","1.970","1.790","1.890","108395714","204872110.000"
"600340","2023-10-23","1.870","1.870","1.800","1.830","66688600","122087391.000"
"600340","2023-10-24","1.840","1.870","1.820","1.860","47019881","86948136.000"
"600340","2023-10-25","1.870","1.900","1.860","1.870","49770050","93357916.000"
"600340","2023-10-26","1.860","1.860","1.820","1.840","37679310","69205117.000"
"600340","2023-10-27","1.830","1.870","1.830","1.860","37951986","70169360.000"
"600340","2023-10-30","1.850","1.920","1.830","1.880","53076643","99711740.000"
"600340","2023-10-31","1.870","1.900","1.840","1.880","47169307","88224761.000"
"600340","2023-11-01","1.880","1.890","1.860","1.870","33490809","62798577.000"
"600340","2023-11-02","1.860","1.890","1.850","1.860","29197501","54491627.000"
"600340","2023-11-03","1.860","1.870","1.840","1.850","26782655","49673786.000"
"600340","2023-11-06","1.860","1.940","1.850","1.920","60675110","115568121.000"
"600340","2023-11-07","1.920","1.940","1.890","1.910","38133430","72759775.000"
"600340","2023-11-08","1.910","1.950","1.900","1.930","50692450","97729267.000"
"600340","2023-11-09","1.940","1.960","1.890","1.900","57593530","110692825.000"
"600340","2023-11-10","1.890","1.900","1.850","1.880","35899960","67187442.000"
"600340","2023-11-13","1.910","1.930","1.870","1.900","30284560","57431097.000"
"600340","2023-11-14","1.890","1.940","1.890","1.930","50210948","96495167.000"
"600340","2023-11-15","1.950","1.960","1.910","1.910","39318236","75791128.000"
"600340","2023-11-16","1.910","1.910","1.880","1.890","32261844","60936143.000"
"600340","2023-11-17","1.870","1.890","1.850","1.870","28040296","52415140.000"
"600340","2023-11-20","1.890","1.900","1.870","1.890","25691997","48402320.000"
"600340","2023-11-21","1.890","1.990","1.890","1.940","91487806","179129939.000"
"600340","2023-11-22","1.970","2.120","1.960","2.050","167494846","345314316.000"
"600340","2023-11-23","2.000","2.090","1.950","2.040","129723328","262137119.000"
"600340","2023-11-24","2.030","2.080","2.010","2.020","92579230","189082829.000"
"600340","2023-11-27","2.020","2.030","1.940","1.950","66019194","129696879.000"
"600340","2023-11-28","1.940","1.950","1.920","1.940","43625834","84395628.000"
"600340","2023-11-29","1.930","1.930","1.880","1.890","45897195","87238422.000"
"600340","2023-11-30","1.890","1.900","1.870","1.880","31420100","59184046.000"
"600340","2023-12-01","1.880","1.920","1.870","1.910","38524291","73085233.000"
"600340","2023-12-04","1.900","1.910","1.880","1.890","32813109","61912691.000"
"600340","2023-12-05","1.890","1.890","1.840","1.850","37906448","70819636.000"
"600340","2023-12-06","1.840","1.880","1.840","1.870","28294400","52764546.000"
"600340","2023-12-07","1.860","1.890","1.850","1.880","36234384","67849355.000"
"600340","2023-12-08","1.880","1.880","1.830","1.830","40200521","74380914.000"
"600340","2023-12-11","1.830","1.840","1.800","1.840","29429033","53551229.000"
"600340","2023-12-12","1.840","1.890","1.830","1.880","41086445","76884299.000"
"600340","2023-12-13","1.880","1.880","1.840","1.840","27421635","51045177.000"
"600340","2023-12-14","1.850","1.870","1.830","1.840","23184825","42877688.000"
"600340","2023-12-15","1.860","1.890","1.860","1.860","35655791","66825623.000"
"600340","2023-12-18","1.850","1.880","1.820","1.820","36410980","67287270.000"
"600340","2023-12-19","1.830","1.840","1.810","1.820","21589000","39293165.000"
"600340","2023-12-20","1.820","1.820","1.780","1.780","25782849","46383381.000"
"600340","2023-12-21","1.770","1.820","1.760","1.810","26959674","48433761.000"
"600340","2023-12-22","1.800","1.810","1.780","1.790","25232000","45159097.000"
"600340","2023-12-25","1.780","1.790","1.740","1.750","26643570","46842752.000"
"600340","2023-12-26","1.740","1.760","1.710","1.720","25588260","44194032.000"
"600340","2023-12-27","1.710","1.730","1.690","1.710","24838502","42458539.000"
"600340","2023-12-28","1.700","1.750","1.660","1.740","40943040","70092390.000"
"600340","2023-12-29","1.730","1.760","1.720","1.740","28675130","49856565.000"
"600340","2024-01-02","1.740","1.750","1.710","1.710","22604790","38888174.000"
"600340","2024-01-03","1.710","1.740","1.690","1.710","25304460","43355205.000"
"600340","2024-01-04","1.700","1.710","1.670","1.680","26110971","43900704.000"
"600340","2024-01-05","1.680","1.700","1.650","1.660","36483833","61236051.000"
"600340","2024-01-08","1.660","1.680","1.620","1.620","33425340","55003074.000"
"600340","2024-01-09","1.610","1.650","1.610","1.630","30443285","49560762.000"
"600340","2024-01-10","1.630","1.660","1.600","1.630","32688426","53391590.000"
"600340","2024-01-11","1.630","1.680","1.620","1.670","26364696","43524137.000"
"600340","2024-01-12","1.670","1.720","1.660","1.680","33381618","56350665.000"
"600340","2024-01-15","1.670","1.690","1.640","1.670","23153393","38638638.000"
"600340","2024-01-16","1.680","1.690","1.630","1.640","33594590","55542877.000"
"600340","2024-01-17","1.650","1.650","1.580","1.590","28039580","45129280.000"
"600340","2024-01-18","1.580","1.600","1.540","1.590","42652779","67031621.000"
"600340","2024-01-19","1.590","1.610","1.570","1.580","28325578","45168371.000"
"600340","2024-01-22","1.580","1.590","1.470","1.490","42355520","64509050.000"
"600340","2024-01-23","1.490","1.510","1.420","1.490","42269880","62445279.000"
"600340","2024-01-24","1.500","1.560","1.490","1.560","56150290","86247622.000"
"600340","2024-01-25","1.570","1.660","1.560","1.640","73317830","118782290.000"
"600340","2024-01-26","1.680","1.800","1.680","1.740","142181557","251276663.000"
"600340","2024-01-29","1.760","1.770","1.650","1.650","122729554","209502737.000"
"600340","2024-01-30","1.640","1.660","1.570","1.570","56216030","90625164.000"
"600340","2024-01-31","1.490","1.540","1.460","1.480","78895153","118913197.000"
"600340","2024-02-01","1.470","1.480","1.410","1.410","62850550","90408651.000"
"600340","2024-02-02","1.420","1.480","1.330","1.400","67938038","96463112.000"
"600340","2024-02-05","1.390","1.390","1.260","1.260","84729739","108364769.000"
"600340","2024-02-06","1.220","1.310","1.140","1.280","82340629","100757162.000"
"600340","2024-02-07","1.280","1.300","1.230","1.290","69264412","87709395.000"
"600340","2024-02-08","1.280","1.360","1.270","1.360","65628540","87654800.000"
"600340","2024-02-19","1.380","1.410","1.340","1.380","63884191","87636979.000"
"600340","2024-02-20","1.380","1.390","1.340","1.370","40070246","54510123.000"
"600340","2024-02-21","1.360","1.470","1.340","1.410","82342717","115867775.000"
"600340","2024-02-22","1.400","1.430","1.380","1.410","46871850","65596054.000"
"600340","2024-02-23","1.400","1.430","1.390","1.430","52736612","74440676.000"
"600340","2024-02-26","1.420","1.460","1.390","1.420","58954685","84110497.000"
"600340","2024-02-27","1.420","1.560","1.410","1.560","170303929","261432421.000"
"600340","2024-02-28","1.570","1.610","1.440","1.450","176672802","272854752.000"
"600340","2024-02-29","1.440","1.510","1.440","1.480","99800580","147381250.000"
"600340","2024-03-01","1.490","1.500","1.440","1.460","70884054","103837631.000"
"600340","2024-03-04","1.450","1.460","1.410","1.420","61410763","87555035.000"
"600340","2024-03-05","1.410","1.430","1.400","1.420","39423803","55844887.000"
"600340","2024-03-06","1.420","1.440","1.400","1.430","44075460","62692413.000"
"600340","2024-03-07","1.420","1.440","1.410","1.410","34121210","48553603.000"
"600340","2024-03-08","1.440","1.540","1.430","1.470","78956660","116569507.000"
"600340","2024-03-11","1.450","1.480","1.430","1.480","63063193","91599504.000"
"600340","2024-03-12","1.480","1.540","1.460","1.530","98480589","147562772.000"
"600340","2024-03-13","1.500","1.520","1.470","1.480","62471246","92906824.000"
"600340","2024-03-14","1.480","1.490","1.460","1.470","42959138","63303962.000"
"600340","2024-03-15","1.460","1.480","1.450","1.480","44691441","65755805.000"
"600340","2024-03-18","1.480","1.490","1.460","1.480","33520188","49391215.000"
"600340","2024-03-19","1.470","1.490","1.460","1.460","40929898","60326895.000"
"600340","2024-03-20","1.470","1.480","1.460","1.460","24785539","36336087.000"
"600340","2024-03-21","1.460","1.490","1.460","1.470","43748663","64476075.000"
"600340","2024-03-22","1.470","1.470","1.420","1.420","58144668","83653061.000"
"600340","2024-03-25","1.430","1.460","1.410","1.420","41642168","59754395.000"
"600340","2024-03-26","1.420","1.440","1.410","1.440","37448310","53455604.000"
"600340","2024-03-27","1.430","1.440","1.390","1.390","41499604","58476781.000"
"600340","2024-03-28","1.380","1.410","1.380","1.400","29615508","41359937.000"
"600340","2024-03-29","1.390","1.400","1.380","1.390","23421955","32449075.000"
"600340","2024-04-01","1.380","1.410","1.380","1.400","22411330","31314393.000"
"600340","2024-04-02","1.400","1.450","1.380","1.420","66530646","94313722.000"
"600340","2024-04-03","1.410","1.410","1.390","1.390","35679002","49856795.000"
"600340","2024-04-08","1.390","1.400","1.370","1.370","22934157","31628135.000"
"600340","2024-04-09","1.370","1.380","1.360","1.370","16722266","22954294.000"
"600340","2024-04-10","1.380","1.380","1.310","1.330","41926008","56128737.000"
"600340","2024-04-11","1.320","1.330","1.300","1.310","24670781","32497599.000"
"600340","2024-04-12","1.310","1.320","1.260","1.270","29817660","38211449.000"
"600340","2024-04-15","1.270","1.270","1.140","1.240","48878465","59490110.000"
"600340","2024-04-16","1.220","1.230","1.170","1.200","34215439","40686088.000"
"600340","2024-04-17","1.190","1.250","1.180","1.230","23352229","28672952.000"
"600340","2024-04-18","1.230","1.230","1.200","1.210","19626830","23807257.000"
"600340","2024-04-19","1.200","1.210","1.170","1.200","25140182","29881701.000"
"600340","2024-04-22","1.190","1.200","1.160","1.190","22221500","26197078.000"
"600340","2024-04-23","1.170","1.190","1.170","1.180","19588475","23119693.000"
"600340","2024-04-24","1.180","1.190","1.060","1.090","123338995","135853774.000"
"600340","2024-04-25","1.060","1.080","1.000","1.040","118439643","122785297.000"
"600340","2024-04-26","1.030","1.080","1.010","1.070","101346951","105664847.000"
"600340","2024-04-29","1.060","1.180","1.050","1.180","143905751","165500777.000"
"600340","2024-04-30","1.210","1.280","1.170","1.210","194092310","236550784.000"
"600340","2024-05-06","1.250","1.330","1.250","1.250","146683080","187941940.000"
"600340","2024-05-07","1.220","1.250","1.200","1.250","106016833","130037197.000"
"600340","2024-05-08","1.230","1.230","1.170","1.180","73870609","88212340.000"
"600340","2024-05-09","1.180","1.220","1.170","1.190","67529720","80545855.000"
"600340","2024-05-10","1.190","1.290","1.170","1.250","111358849","136194639.000"
"600340","2024-05-13","1.230","1.230","1.190","1.220","57679260","70010592.000"
"600340","2024-05-14","1.210","1.230","1.200","1.210","56375103","68503562.000"
"600340","2024-05-15","1.200","1.250","1.190","1.220","86104827","105168035.000"
"600340","2024-05-16","1.210","1.320","1.210","1.300","177951487","227932514.000"
"600340","2024-05-17","1.320","1.430","1.270","1.430","289206347","391610746.000"
"600340","2024-05-20","1.430","1.430","1.340","1.360","232900016","322715763.000"
"600340","2024-05-21","1.360","1.440","1.350","1.380","154313908","215310719.000"
"600340","2024-05-22","1.370","1.470","1.350","1.410","208130808","294598891.000"
"600340","2024-05-23","1.380","1.390","1.310","1.340","144264803","194403281.000"
"600340","2024-05-24","1.320","1.340","1.250","1.260","94539900","121570892.000"
"600340","2024-05-27","1.260","1.270","1.210","1.250","70783630","87406643.000"
"600340","2024-05-28","1.250","1.270","1.190","1.200","71114910","86816147.000"
"600340","2024-05-29","1.190","1.260","1.190","1.220","72318880","89190754.000"
"600340","2024-05-30","1.210","1.230","1.170","1.180","65725560","78172780.000"
"600340","2024-05-31","1.190","1.200","1.170","1.200","41518190","49408868.000"
"600340","2024-06-03","1.190","1.190","1.130","1.170","64270650","74773749.000"
"600340","2024-06-04","1.150","1.190","1.130","1.180","44334550","51767603.000"
"600340","2024-06-05","1.170","1.190","1.150","1.170","42952137","50330904.000"
"600340","2024-06-06","1.170","1.190","1.110","1.140","61253530","70192240.000"
"600340","2024-06-07","1.150","1.180","1.140","1.160","38858770","45043965.000"
"600340","2024-06-11","1.160","1.160","1.130","1.150","29275544","33587842.000"
"600340","2024-06-12","1.150","1.170","1.140","1.160","29616709","34242922.000"
"600340","2024-06-13","1.160","1.180","1.130","1.140","31386790","35964749.000"
"600340","2024-06-14","1.140","1.170","1.120","1.170","40811349","47227389.000"
"600340","2024-06-17","1.160","1.170","1.140","1.140","24827970","28529044.000"
"600340","2024-06-18","1.150","1.160","1.130","1.130","26909972","30667818.000"
"600340","2024-06-19","1.140","1.150","1.100","1.120","41637970","46687551.000"
"600340","2024-06-20","1.110","1.110","1.040","1.060","59140460","63006389.000"
"600340","2024-06-21","1.050","1.080","1.040","1.050","31421333","33337235.000"
"600340","2024-06-24","1.060","1.060","1.020","1.050","42964048","44772971.000"
"600340","2024-06-25","1.040","1.100","1.030","1.080","49726884","53117662.000"
"600340","2024-06-26","1.070","1.080","1.040","1.070","31816230","33779864.000"
"600340","2024-06-27","1.070","1.100","1.060","1.070","35525520","38222499.000"
"600340","2024-06-28","1.050","1.080","1.040","1.060","31432810","33333516.000"
"600340","2024-07-01","1.050","1.090","1.040","1.080","46284963","49719904.000"
"600340","2024-07-02","1.070","1.090","1.060","1.080","40079049","43087213.000"
"600340","2024-07-03","1.080","1.190","1.080","1.190","189830016","222640822.000"
"600340","2024-07-04","1.160","1.160","1.090","1.110","149602927","167116730.000"
"600340","2024-07-05","1.100","1.110","1.060","1.090","54505888","59371528.000"
"600340","2024-07-08","1.080","1.090","1.030","1.050","53340353","56073405.000"
"600340","2024-07-09","1.040","1.070","1.030","1.060","42813180","45027860.000"
"600340","2024-07-10","0.970","1.010","0.950","1.010","165507772","160993238.000"
"600340","2024-07-11","1.010","1.040","1.000","1.030","68903210","70466667.000"
"600340","2024-07-12","1.030","1.130","1.010","1.070","92480470","99754722.000"
"600340","2024-07-15","1.050","1.060","1.020","1.040","43286500","44701076.000"
"600340","2024-07-16","1.030","1.050","1.020","1.040","29263304","30309382.000"
"600340","2024-07-17","1.040","1.070","1.030","1.040","36364076","38203175.000"
"600340","2024-07-18","1.040","1.040","1.020","1.040","29938667","30851229.000"
"600340","2024-07-19","1.040","1.050","1.020","1.040","36985780","38200398.000"
"600340","2024-07-22","1.030","1.040","1.020","1.040","19974036","20605495.000"
"600340","2024-07-23","1.030","1.050","1.020","1.030","33201856","34343702.000"
"600340","2024-07-24","1.030","1.030","1.010","1.020","31104266","31688498.000"
"600340","2024-07-25","1.020","1.030","1.010","1.030","19912160","20373229.000"
"600340","2024-07-26","1.030","1.040","1.020","1.030","26057720","26839019.000"
"600340","2024-07-29","1.030","1.030","1.010","1.030","28300655","28913907.000"
"600340","2024-07-30","1.020","1.070","1.020","1.060","54825887","57225422.000"
"600340","2024-07-31","1.050","1.080","1.040","1.080","77857370","82783508.000"
"600340","2024-08-01","1.080","1.080","1.050","1.060","43296520","45959869.000"
"600340","2024-08-02","1.060","1.080","1.050","1.070","51228378","54717382.000"
"600340","2024-08-05","1.060","1.110","1.050","1.090","93551020","101291125.000"
"600340","2024-08-06","1.080","1.090","1.060","1.090","61609248","66222744.000"
"600340","2024-08-07","1.080","1.080","1.050","1.060","48904290","51849467.000"
"600340","2024-08-08","1.060","1.110","1.040","1.070","72222600","77469467.000"
"600340","2024-08-09","1.070","1.110","1.050","1.090","96295090","105030275.000"
"600340","2024-08-12","1.070","1.080","1.040","1.060","76047230","80386488.000"
"600340","2024-08-13","1.050","1.060","1.040","1.060","22987830","24140730.000"
"600340","2024-08-14","1.060","1.060","1.040","1.050","18890159","19793225.000"
"600340","2024-08-15","1.040","1.070","1.030","1.070","38656510","40790299.000"
"600340","2024-08-16","1.060","1.070","1.040","1.060","34514450","36297790.000"
"600340","2024-08-19","1.060","1.060","1.040","1.040","24067050","25287625.000"
"600340","2024-08-20","1.040","1.050","1.030","1.040","17612000","18280665.000"
"600340","2024-08-21","1.030","1.050","1.030","1.040","15781676","16364972.000"
"600340","2024-08-22","1.030","1.050","1.020","1.040","34248823","35471009.000"
"600340","2024-08-23","1.030","1.040","1.020","1.040","23735680","24399987.000"
"600340","2024-08-26","1.030","1.040","1.020","1.030","18450700","19052963.000"
"600340","2024-08-27","1.030","1.040","1.010","1.030","27496040","28095155.000"
"600340","2024-08-28","1.020","1.030","1.010","1.030","20747010","21125686.000"
"600340","2024-08-29","1.020","1.030","1.010","1.020","30290510","30694191.000"
"600340","2024-08-30","1.020","1.080","1.010","1.050","86902169","90981855.000"
"600340","2024-09-02","1.070","1.130","1.060","1.080","118128345","129036736.000"
"600340","2024-09-03","1.060","1.070","1.040","1.060","61349154","64636730.000"
"600340","2024-09-04","1.050","1.060","1.040","1.040","43238090","45343859.000"
"600340","2024-09-05","1.050","1.100","1.050","1.090","99720850","106991664.000"
"600340","2024-09-06","1.090","1.120","1.050","1.070","64958730","69573101.000"
"600340","2024-09-09","1.060","1.060","1.040","1.050","46958280","49342073.000"
"600340","2024-09-10","1.040","1.050","1.020","1.050","47510320","49163342.000"
"600340","2024-09-11","1.040","1.050","1.030","1.030","18172940","18835030.000"
"600340","2024-09-12","1.030","1.050","1.020","1.030","30943730","31989190.000"
"600340","2024-09-13","1.030","1.040","1.020","1.030","30778160","31717292.000"
"600340","2024-09-18","1.040","1.050","1.020","1.040","39763295","41152198.000"
"600340","2024-09-19","1.040","1.080","1.030","1.060","65998895","69564828.000"
"600340","2024-09-20","1.050","1.090","1.040","1.070","89965520","96188336.000"
"600340","2024-09-23","1.060","1.070","1.040","1.060","51318600","54251346.000"
"600340","2024-09-24","1.070","1.100","1.060","1.100","97356120","105235578.000"
"600340","2024-09-25","1.100","1.190","1.090","1.130","151230094","174238318.000"
"600340","2024-09-26","1.120","1.240","1.110","1.240","240544857","287316846.000"
"600340","2024-09-27","1.270","1.360","1.270","1.360","223823670","294821581.000"
"600340","2024-09-30","1.490","1.500","1.390","1.500","276141833","407826157.000"
"600340","2024-10-08","1.650","1.650","1.510","1.650","382542730","618094473.000"
"600340","2024-10-09","1.600","1.600","1.490","1.490","196425270","298832982.000"
"600340","2024-10-10","1.420","1.470","1.360","1.400","171146109","241647734.000"
"600340","2024-10-11","1.400","1.440","1.360","1.400","103572200","145809249.000"
"600340","2024-10-14","1.470","1.500","1.440","1.500","145620588","215216110.000"
"600340","2024-10-15","1.480","1.490","1.420","1.420","111455899","161983664.000"
"600340","2024-10-16","1.430","1.560","1.420","1.560","211963531","318567355.000"
"600340","2024-10-17","1.580","1.590","1.460","1.470","172849728","258829385.000"
"600340","2024-10-18","1.440","1.490","1.410","1.470","122784919","178266664.000"
"600340","2024-10-21","1.460","1.470","1.420","1.440","103658623","148707484.000"
"600340","2024-10-22","1.570","1.570","1.490","1.500","163506250","249653564.000"
"600340","2024-10-23","1.480","1.530","1.460","1.510","121850080","181717026.000"
"600340","2024-10-24","1.490","1.570","1.470","1.530","147561331","225216786.000"
"600340","2024-10-25","1.520","1.600","1.510","1.550","149046110","232807066.000"
"600340","2024-10-28","1.540","1.710","1.540","1.710","232999543","386038956.000"
"600340","2024-10-29","1.880","1.880","1.880","1.880","44154688","83010813.000"
"600340","2024-10-30","2.060","2.070","1.900","2.070","376191346","770375316.000"
"600340","2024-10-31","2.280","2.280","2.210","2.280","100901880","229603118.000"
"600340","2024-11-01","2.510","2.510","2.380","2.510","327335549","814563019.000"
"600340","2024-11-04","2.760","2.760","2.760","2.760","66013476","182197194.000"
"600340","2024-11-05","3.040","3.040","3.040","3.040","15965371","48534728.000"
"600340","2024-11-06","3.340","3.340","3.340","3.340","12919801","43152135.000"
"600340","2024-11-07","3.670","3.670","3.670","3.670","21143494","77596623.000"
"600340","2024-11-08","4.040","4.040","3.860","4.020","544215293","2194552449.000"
"600340","2024-11-11","3.620","3.620","3.620","3.620","104013800","376529956.000"
"600340","2024-11-12","3.260","3.260","3.260","3.260","24642600","80334876.000"
"600340","2024-11-13","2.930","3.220","2.930","2.940","743673595","2227922651.000"
"600340","2024-11-14","2.940","2.940","2.670","2.710","513733936","1434029296.000"
"600340","2024-11-15","2.630","2.710","2.480","2.490","386122588","995076609.000"
"600340","2024-11-18","2.550","2.680","2.500","2.600","399094024","1036240000.000"
"600340","2024-11-19","2.610","2.860","2.340","2.860","535551891","1399255215.000"
"600340","2024-11-20","2.800","3.110","2.700","2.940","545168260","1608358641.000"
"600340","2024-11-21","2.860","3.100","2.810","2.880","397720980","1164117916.000"
"600340","2024-11-22","2.800","3.110","2.750","2.930","474756579","1394172059.000"
"600340","2024-11-25","2.930","2.950","2.700","2.730","308358236","859643564.000"
"600340","2024-11-26","2.670","2.770","2.580","2.600","258164828","687560498.000"
"600340","2024-11-27","2.550","2.860","2.520","2.860","330018531","912734607.000"
"600340","2024-11-28","3.000","3.070","2.830","2.910","507639156","1492936318.000"
"600340","2024-11-29","2.850","3.000","2.810","2.880","334971883","966293165.000"
